name,post,salary,factor_of_utility,work_schedule_from,work_schedule_to,number_of_working_days,date_of_admission
Melinda Burrell,GIS Technical Architect,13987,1.27,7:58,19:11,25,2019-10-29 22:34:31
Justine Clausius,Account Executive,5341,1.29,9:17,20:58,27,2020-08-25 21:00:48
Denys Yeandel,Marketing Assistant,2712,1.38,8:54,20:14,24,2020-07-05 20:33:51
Kellyann Perllman,Junior Executive,9069,1.51,8:22,22:55,24,2022-11-29 23:32:36
Hinze Jandl,Occupational Therapist,11436,1.4,8:56,20:44,27,2017-09-01 18:38:11
Megen Merrifield,Statistician III,10287,1.19,8:40,21:39,25,2021-01-02 08:15:50
Elliot Carous,Biostatistician III,13440,1.46,8:29,21:23,25,2023-03-17 08:10:15
Jakob Fyall,Executive Secretary,7137,1.69,9:47,19:13,26,2023-02-04 12:42:40
Alwyn Bastock,Safety Technician III,12091,1.71,10:28,20:13,26,2017-01-25 20:17:12
Wendell Hannent,Computer Systems Analyst II,3430,1.95,9:40,18:11,27,2018-10-05 19:55:26
Rahal Davydochkin,Software Consultant,9546,1.23,9:24,19:11,25,2020-11-07 16:54:09
Quentin Wattam,Account Coordinator,4274,1.02,8:22,17:58,26,2020-05-07 18:45:27
Collin Cufflin,Administrative Officer,13378,1.69,9:18,21:08,27,2019-05-03 15:22:13
Kessiah Meaker,Administrative Officer,8351,1.08,7:38,21:23,24,2023-03-06 19:14:28
Keeley Bracher,Nurse,12924,1.34,9:11,19:23,24,2021-08-08 21:56:33
Beverly Meek,Electrical Engineer,2472,1.83,9:38,21:10,27,2019-09-30 07:44:31
Cirilo Lago,Programmer Analyst IV,9454,1.15,9:35,17:38,24,2017-07-18 17:44:16
Taddeo Vogelein,Tax Accountant,3136,1.64,8:43,22:38,25,2021-12-07 10:53:59
Alma Degoey,Community Outreach Specialist,8162,1.46,7:58,22:30,25,2021-08-05 08:23:41
Alejandro Boyington,Associate Professor,13902,1.13,7:56,20:44,24,2019-12-31 14:31:24
Alastair Brewett,Desktop Support Technician,13040,1.3,10:11,18:01,26,2018-12-02 16:02:36
Alonzo Tappor,Human Resources Manager,3434,1.59,10:03,20:48,27,2023-02-02 05:50:00
Athene Anfrey,Software Engineer III,7998,1.53,8:50,22:54,25,2020-03-07 14:41:18
Raine Conford,Payment Adjustment Coordinator,7475,1.83,9:01,21:53,27,2022-03-28 07:22:50
Lynelle Fronczak,Payment Adjustment Coordinator,10081,1.29,9:07,18:12,27,2021-01-12 13:57:13
Shaine Kliesl,Financial Analyst,11995,1.54,9:40,21:10,24,2022-01-17 06:54:46
Cleopatra Pimlott,Senior Quality Engineer,12819,1.16,8:37,21:43,26,2022-08-18 15:21:34
Wright Halfhide,GIS Technical Architect,5072,1.74,8:11,19:11,26,2018-01-09 04:22:55
Joscelin Micklewright,Teacher,14155,1.39,9:23,20:06,25,2020-05-17 10:25:05
Renata Holberry,Community Outreach Specialist,6410,1.66,8:52,22:08,27,2020-07-05 12:11:07
Boris Whitwam,Budget/Accounting Analyst II,4031,1.38,9:59,19:35,27,2020-10-01 23:25:53
Malanie Dootson,VP Quality Control,8162,1.22,10:02,21:53,26,2021-12-01 18:43:21
Pernell Farbrace,Information Systems Manager,2591,1.37,10:10,20:47,27,2018-12-05 03:29:12
Sallyann Cadlock,Speech Pathologist,6144,1.3,10:01,21:02,25,2019-09-20 07:49:45
Langston Shevlin,Computer Systems Analyst III,11332,1.39,9:41,22:17,24,2018-11-26 15:47:54
Nisse D' Angelo,Media Manager III,11855,1.83,8:18,20:52,27,2020-06-05 17:46:55
Natalee Tamsett,Senior Cost Accountant,4598,1.39,8:03,19:21,25,2020-06-01 16:53:00
Marj Asman,Web Developer I,4665,1.24,9:37,17:44,24,2018-04-01 20:00:37
Henryetta Bankes,Director of Sales,4099,1.75,7:35,19:45,26,2021-06-27 21:37:12
Mildrid Hallowes,Analog Circuit Design manager,6000,1.49,10:10,18:36,27,2020-01-18 06:01:43
Donnie Towndrow,Civil Engineer,14029,1.8,8:38,19:53,25,2022-08-24 07:19:49
Kerry Wilkowski,Graphic Designer,2991,1.64,9:27,20:41,26,2017-07-23 09:27:45
Sherill Chartman,Senior Sales Associate,13026,1.66,10:03,17:42,24,2019-11-16 21:32:52
Perri Berkeley,Accounting Assistant IV,9545,1.4,9:42,22:40,24,2019-09-08 14:00:13
Tessi Fishbourne,Help Desk Operator,3137,1.34,8:57,18:52,24,2021-10-23 16:25:44
L;urette Atcheson,Operator,8182,1.8,9:57,18:35,24,2019-10-10 00:42:25
Sher Hussell,Graphic Designer,2445,1.72,9:16,19:18,27,2018-03-23 18:27:59
Carver Hupe,Computer Systems Analyst II,4384,1.41,9:35,18:17,25,2019-05-17 22:34:19
Karlie Burbury,Analog Circuit Design manager,10498,1.45,7:53,19:26,26,2022-11-26 03:11:17
Early Hawson,Operator,2367,1.67,9:45,21:01,26,2019-01-25 10:06:24
Cory Neeve,Staff Scientist,12353,1.41,9:19,22:39,27,2022-10-23 00:52:11
Phineas Angove,Senior Financial Analyst,9199,1.91,8:29,20:14,27,2017-03-23 09:30:36
Kaila McGlue,Speech Pathologist,6533,1.71,10:01,19:44,24,2017-12-16 14:34:01
Nissy Romme,Occupational Therapist,8240,1.84,8:10,22:41,25,2018-02-07 19:48:45
Gabriel Croote,Nuclear Power Engineer,13105,1.05,7:31,18:52,26,2020-06-16 11:46:00
Burch Ferre,Software Consultant,7633,1.51,7:48,19:13,25,2017-05-02 11:34:54
Gerrie Powdrell,Executive Secretary,5903,1.48,8:47,19:57,25,2023-04-14 09:52:06
Loralee Collacombe,Recruiting Manager,6487,1.41,10:23,21:39,27,2019-06-18 18:33:17
Gino Mandel,Staff Scientist,8139,1.15,9:48,19:55,26,2022-02-09 23:48:25
Sydel Holson,Web Developer I,2611,1.25,9:44,19:27,25,2017-10-09 03:52:37
Alicia Cozens,Assistant Manager,10131,1.65,9:14,20:14,26,2019-03-12 00:51:00
Ella Hutchcraft,Occupational Therapist,11740,1.54,10:12,18:13,26,2020-07-10 19:46:25
Sim Craik,Media Manager II,11437,1.17,7:43,19:20,25,2020-11-13 01:28:33
Malory Prickett,Business Systems Development Analyst,11030,1.24,9:08,20:11,24,2020-10-25 08:49:33
Hi Clemerson,Nurse Practicioner,5016,1.78,9:38,19:10,27,2022-11-23 22:23:48
Jenni Jehaes,Paralegal,6733,1.75,10:15,18:33,27,2022-03-01 18:16:06
Mariam Biagini,Clinical Specialist,10387,1.3,8:58,20:03,24,2020-10-27 09:25:18
Mitch Dreinan,Paralegal,12343,1.08,8:26,21:34,26,2017-05-29 14:55:22
Bren Humerstone,Accountant III,7842,1.87,8:36,21:22,24,2019-10-20 04:08:20
Pascal Sayward,Operator,6506,1.16,7:59,19:53,27,2021-04-03 18:07:37
Elden Stolz,Mechanical Systems Engineer,5715,1.55,8:21,19:40,24,2020-03-08 11:35:25
Petey Thredder,Safety Technician IV,7938,1.45,8:05,18:04,25,2022-12-22 22:23:16
Ritchie Janatka,Compensation Analyst,13925,1.46,8:49,20:22,26,2022-07-23 15:32:54
Alicea Alder,Geologist IV,5130,1.8,8:58,22:41,24,2023-04-10 08:48:21
Desiree Shutler,Health Coach II,9294,1.01,9:24,19:50,24,2019-03-02 11:03:34
Pat Roose,Librarian,10174,1.9,8:59,18:50,26,2022-11-19 12:15:35
Lynn Proback,Engineer III,12010,1.93,10:03,20:28,25,2021-02-28 14:53:27
Dorolisa Tedder,VP Product Management,4603,2.0,7:42,19:18,26,2019-04-14 09:39:28
Hilario Preator,Marketing Assistant,8241,1.45,8:13,20:11,24,2019-08-22 21:51:44
Vinita Beddard,Geologist I,3522,1.57,9:05,22:20,24,2021-06-10 15:14:40
Whitney Ridgers,Registered Nurse,12843,1.17,9:59,19:11,25,2022-04-09 08:32:05
Kevina Tale,VP Sales,8779,1.05,10:29,18:55,26,2018-11-12 08:14:55
Hermia Corzor,Safety Technician II,11097,1.43,9:27,20:45,27,2019-09-11 22:23:18
Neal Chainey,Design Engineer,11296,1.55,8:03,18:54,24,2021-02-13 20:09:26
Jesse Athowe,Paralegal,11457,1.31,8:08,17:42,27,2022-06-30 21:49:46
Lishe Lawee,Account Coordinator,10330,1.86,9:56,22:35,26,2017-01-22 17:36:55
Analise Gunson,Web Developer IV,13108,1.82,10:05,22:02,24,2021-08-25 18:27:20
Andriana Aviss,Account Coordinator,11456,1.25,9:01,18:11,27,2019-01-02 13:03:50
Cele Pringer,Systems Administrator II,10734,1.85,10:15,18:55,24,2021-01-26 01:56:13
Riccardo Brundle,Occupational Therapist,11798,1.88,9:37,18:17,25,2022-08-25 03:46:53
Darlleen McRobb,Mechanical Systems Engineer,13144,1.47,7:48,21:34,27,2021-05-31 17:43:36
Margit Coneybeare,Administrative Assistant II,11427,1.92,7:34,18:42,26,2017-11-05 14:22:17
Rayshell Bresland,Research Nurse,8035,1.06,8:25,21:18,27,2017-03-09 23:49:04
Putnam Woolerton,Quality Control Specialist,3223,1.36,9:21,20:19,27,2020-04-26 19:45:59
Letisha Sergeaunt,Staff Scientist,3594,1.93,9:31,18:57,27,2021-02-22 18:17:50
Araldo Shergold,Speech Pathologist,12865,1.24,7:33,17:52,25,2020-04-23 13:04:03
Tony Tampion,Nurse Practicioner,6166,1.08,8:46,19:33,25,2019-02-09 23:20:11
Erminia Madgewick,Assistant Media Planner,11492,1.86,8:51,21:18,26,2020-07-29 01:41:50
Aguste Booth-Jarvis,Software Consultant,4691,1.61,9:12,21:42,25,2022-03-01 16:52:55
Aloysius Blondell,VP Sales,7141,1.73,8:50,18:15,26,2017-12-19 23:16:27
Allin Bratch,Environmental Specialist,11215,1.65,8:46,20:07,26,2022-07-11 04:36:29
Huey Stickels,Account Representative II,7475,1.84,8:05,22:15,27,2020-08-16 12:25:46
Julianna Messenger,Occupational Therapist,3915,1.77,10:26,21:52,25,2020-09-13 07:56:38
Kermie Caddie,Senior Editor,11437,1.21,10:03,19:32,27,2021-09-26 03:05:32
Freedman Episcopi,Librarian,6792,1.55,9:32,18:44,24,2022-10-21 06:53:11
Sasha Larwell,Assistant Manager,12374,1.54,10:09,17:35,26,2018-11-21 08:10:33
Juana Ivashkov,Structural Analysis Engineer,8400,1.17,9:20,21:00,25,2017-07-19 23:29:29
Leonard Huxter,Database Administrator I,4445,1.85,8:03,19:54,26,2022-10-20 08:43:27
Nobe Scarbarrow,Programmer Analyst IV,8303,1.79,9:55,21:33,26,2022-06-27 21:06:43
Marsha Basler,Statistician IV,6542,1.15,8:15,21:31,26,2021-10-23 05:07:54
Tina Suthworth,Civil Engineer,14051,1.87,10:24,20:28,26,2021-01-14 10:18:29
Aldous Dowrey,Account Coordinator,12977,1.39,8:52,19:50,27,2022-12-13 04:05:36
Romonda Leathley,Mechanical Systems Engineer,4128,1.73,7:57,22:57,24,2022-06-30 10:45:52
Phillipp Bladesmith,Information Systems Manager,2538,1.22,8:04,18:15,25,2018-05-05 15:54:29
Corissa Pemble,Paralegal,10142,1.13,9:24,19:32,26,2022-07-29 14:30:11
Cortie Guwer,Marketing Assistant,9156,1.48,10:21,21:55,24,2022-06-05 02:54:45
Kippar Stears,Teacher,10411,1.53,7:40,20:06,26,2017-12-20 01:16:28
Larry Schouthede,VP Sales,13162,1.78,7:43,20:15,27,2017-12-08 03:01:47
Lesley Reddy,Marketing Manager,4058,1.75,9:13,19:58,26,2019-03-16 03:22:27
Christi Colling,Administrative Assistant II,8040,1.91,8:07,22:17,26,2017-02-24 13:26:03
Jerome Philippsohn,GIS Technical Architect,13127,1.69,8:51,17:59,26,2020-10-20 10:44:07
Carmelita Keelin,Community Outreach Specialist,7415,1.59,9:11,18:57,24,2018-07-29 05:35:34
Rickert Tebbit,Senior Cost Accountant,9190,1.23,7:56,17:38,25,2017-05-05 10:01:47
Ilene Gledstane,Office Assistant III,12326,1.3,10:21,20:15,25,2021-04-05 12:10:00
Ursala Dellatorre,Payment Adjustment Coordinator,4958,1.03,8:37,22:38,25,2020-01-22 21:31:31
Lancelot Hafford,Physical Therapy Assistant,14061,1.12,8:38,22:18,27,2018-02-25 18:06:41
Stella Ponting,Occupational Therapist,14244,1.08,9:57,19:17,27,2018-12-16 01:40:07
Chantal Node,Programmer Analyst IV,7390,1.27,10:09,22:11,26,2020-09-13 18:25:21
Ree Clouston,Database Administrator IV,2496,1.53,8:10,18:52,27,2021-04-15 19:14:29
Egor Heditch,Office Assistant II,9499,1.03,9:55,18:58,27,2020-09-07 05:42:22
Avrit Noulton,Help Desk Operator,2296,1.28,8:35,18:55,25,2022-02-21 05:02:38
Martelle Bloore,Account Coordinator,4826,1.8,8:34,21:06,27,2019-07-26 21:31:46
Elliot Hawkett,Environmental Specialist,12286,1.25,9:02,18:38,25,2023-02-13 14:17:27
Merwin Macias,Clinical Specialist,12401,1.63,9:24,22:33,25,2017-06-24 14:12:19
Marwin Pomfrey,Marketing Manager,4126,1.31,9:00,18:07,24,2020-07-19 00:31:57
Cacilie Jovovic,Nurse Practicioner,3014,1.09,9:35,21:29,26,2022-01-02 10:01:36
Carleen Dakin,Health Coach III,4426,1.64,9:44,18:58,27,2021-09-22 01:14:55
Kore Harcourt,Assistant Professor,9769,1.04,7:34,17:59,27,2020-10-12 07:26:20
Thomas de Leon,Assistant Manager,11684,1.49,9:42,21:30,27,2022-07-15 06:33:52
Mathilde Dunbobin,Account Executive,10942,1.86,9:22,21:37,24,2019-06-13 04:22:53
Arney Keeton,Assistant Manager,4861,1.35,10:11,20:32,24,2019-12-27 16:20:17
Marget Poynor,GIS Technical Architect,7016,1.02,8:58,17:46,24,2017-08-10 02:00:44
Elizabeth Etuck,Engineer III,8557,1.29,8:28,22:33,26,2020-01-09 02:18:19
Rafaelita Woodrooffe,Staff Scientist,3649,1.11,10:12,21:34,27,2022-05-03 12:05:59
Francyne Fripps,Internal Auditor,4893,1.59,10:24,21:41,27,2018-06-24 15:16:14
Horatius Medlen,Civil Engineer,7381,1.88,9:43,21:06,26,2019-05-06 02:20:07
Arabele Dumbellow,Automation Specialist IV,6767,1.18,9:43,17:42,26,2022-11-29 21:40:12
Cordula Grimsey,Chief Design Engineer,13325,1.43,8:59,20:59,26,2019-04-07 17:33:55
Kelly Ekell,Financial Analyst,9263,1.71,8:04,20:34,27,2022-03-14 05:43:20
Veronike Cardow,Statistician I,13748,1.83,9:10,22:36,24,2020-05-09 04:14:02
Alissa Netley,Staff Accountant IV,6384,1.13,9:20,22:48,24,2023-01-15 17:54:21
Caron Malthouse,Paralegal,13564,1.03,8:26,18:35,25,2017-02-14 10:03:03
Hope Pull,Tax Accountant,13034,1.51,7:59,18:46,24,2022-10-28 02:39:23
Rolph Saull,Pharmacist,5220,1.46,8:45,21:51,24,2021-11-16 16:18:51
Brandyn Legh,Assistant Professor,1982,1.41,9:25,21:25,27,2022-02-02 21:05:40
Milissent Alesi,Staff Accountant II,7100,1.83,8:20,18:29,24,2022-08-20 23:57:52
Cy Jakoubec,VP Marketing,10521,1.64,7:31,17:47,27,2021-01-30 11:31:29
Zebulon Fairbank,Recruiter,9484,1.77,9:28,19:03,27,2017-08-20 23:22:11
Alejandro Braithwait,Developer II,11245,1.52,10:16,18:11,25,2020-09-03 08:18:12
Waylon Cicchitello,Data Coordinator,6568,1.32,7:57,18:49,24,2020-09-25 02:06:24
Chiarra Votier,Occupational Therapist,8998,1.43,8:31,22:16,27,2021-12-11 00:31:43
Yolane Seatter,Occupational Therapist,10795,1.63,8:01,19:17,27,2023-04-17 06:35:58
Trefor Lemerie,VP Product Management,4991,1.75,8:27,19:37,27,2019-03-04 20:55:04
Agretha Ibbitt,Senior Editor,9721,1.6,9:22,19:55,27,2018-01-14 09:55:35
Keelia Caraher,Media Manager IV,2925,1.8,8:44,18:41,25,2021-09-12 15:43:37
Lorie McLewd,Senior Quality Engineer,9839,1.05,9:30,20:10,27,2017-09-04 21:56:48
Elyssa Conkay,Dental Hygienist,2102,1.63,9:21,19:54,25,2019-07-04 23:00:13
Sunny Daveridge,Account Representative I,8730,1.24,9:47,22:46,24,2018-04-26 14:59:05
Michelle Corkhill,Internal Auditor,14105,1.16,9:55,18:59,24,2020-02-14 03:17:17
Flynn Paxman,Librarian,6710,1.4,7:47,18:53,24,2021-10-09 23:21:29
Ennis Akram,Chief Design Engineer,7915,1.57,10:16,20:47,26,2021-09-26 19:14:40
Tina Pevsner,Help Desk Technician,4759,1.61,8:44,18:01,27,2018-11-27 07:12:27
Dennie Meatcher,Professor,7194,1.44,8:37,17:32,24,2017-06-28 10:04:27
Merell Arnason,Structural Analysis Engineer,5527,1.43,8:48,21:30,26,2018-12-30 08:48:48
Odele Hartfield,Help Desk Operator,11971,1.26,9:12,21:33,24,2021-12-04 06:29:58
Bernice Piscot,Editor,3128,1.91,9:30,17:38,27,2021-05-31 15:33:10
Jaime Tottle,Administrative Officer,11043,1.27,10:03,20:21,27,2022-01-09 17:24:47
Peder Aspinal,Senior Editor,8104,1.77,10:29,20:07,25,2021-07-16 15:16:14
Tracy Tredger,General Manager,7708,1.07,8:29,17:58,25,2020-11-15 07:34:09
Salomone Kear,Human Resources Assistant III,6389,1.1,8:45,18:02,27,2021-03-24 21:15:52
Bella Goroni,Systems Administrator II,13580,1.79,10:08,18:39,24,2017-08-16 18:24:54
Roda Gillon,Desktop Support Technician,5910,1.52,9:13,17:41,26,2017-03-27 00:59:36
Morlee Atcherley,Account Coordinator,3311,1.87,7:48,17:40,25,2020-11-27 18:23:46
Kingsley Blaisdell,Accounting Assistant II,3943,1.78,8:20,21:30,25,2019-03-06 08:45:43
Andre Iiannone,Developer III,5511,1.68,10:03,20:10,24,2018-02-14 18:52:09
Kathie Yoxen,Associate Professor,7901,1.32,8:01,20:35,25,2019-10-09 07:58:14
Rollin Lambirth,Software Test Engineer II,11427,1.88,9:08,21:03,24,2020-11-28 02:57:20
Britta Janouch,Technical Writer,2128,1.92,8:25,22:51,25,2018-12-21 12:42:33
Lori Coulthurst,Executive Secretary,8467,1.06,8:49,18:11,24,2017-04-22 02:27:06
Gus Paddell,Budget/Accounting Analyst III,11483,1.49,7:49,17:52,27,2022-02-14 08:51:09
Ardith Van de Castele,Executive Secretary,4058,1.1,9:39,22:48,24,2022-05-13 07:37:11
Burlie Punt,Graphic Designer,2483,1.59,7:31,22:48,27,2022-03-21 03:48:22
Newton Shrieve,Environmental Specialist,8948,1.02,10:03,21:38,25,2018-05-20 21:29:25
Vernon Vasyaev,Programmer Analyst III,9293,1.08,9:26,18:16,25,2022-02-14 17:06:57
Jeffry Yarrall,VP Marketing,12867,1.37,9:13,17:39,27,2022-11-30 05:33:02
Charo Kowal,Nurse Practicioner,7546,1.41,7:38,21:40,25,2020-09-27 02:32:21
Willamina Lockitt,Dental Hygienist,9664,1.11,9:47,20:03,24,2018-03-26 20:09:04
Rasla Codrington,Web Designer II,5737,1.42,10:04,21:58,25,2019-09-04 14:14:35
Mar Baythrop,Speech Pathologist,10794,1.39,7:36,22:12,26,2017-10-19 07:21:36
Maribeth Folonin,Budget/Accounting Analyst IV,6953,1.4,9:17,19:28,25,2020-05-20 17:57:16
Niles Bollen,Structural Engineer,5957,1.75,9:39,20:24,27,2017-09-27 03:41:39
Rog Leimster,Health Coach III,9013,1.97,10:14,19:17,26,2019-11-26 02:17:53
Reagen O'Brien,Accountant III,5856,1.8,8:59,19:32,27,2022-02-02 10:05:32
Kent Nussen,Account Representative I,6250,1.8,9:23,20:06,27,2018-07-10 23:13:56
Penelope Tabner,Systems Administrator IV,5038,1.28,10:12,18:44,24,2017-06-12 08:37:23
Jammie Feathers,Nurse Practicioner,9797,1.34,9:19,21:50,27,2021-12-30 04:00:31
Fey Elloway,Administrative Officer,6145,1.92,9:43,18:58,27,2021-03-25 22:34:11
Derron Castana,Marketing Assistant,6305,1.89,7:53,22:02,25,2022-10-13 22:02:47
Nichole Manna,Web Designer IV,4735,1.59,7:39,19:56,27,2019-07-20 13:17:12
Antoinette Scurlock,Dental Hygienist,9201,1.62,8:54,18:07,26,2023-01-02 13:51:03
Zelma Buffy,Accounting Assistant IV,9310,1.57,8:35,20:41,24,2018-02-08 10:50:48
Carmel Fincher,Nuclear Power Engineer,2256,1.57,7:39,17:52,24,2020-08-20 04:13:44
Catharina Gilburt,Marketing Assistant,1982,1.11,8:17,19:48,26,2020-06-14 17:06:08
Abbye Doge,VP Marketing,12585,1.8,9:04,21:11,26,2020-04-28 21:28:18
Lucina Deniscke,Senior Developer,4079,1.39,8:03,18:01,24,2020-01-15 06:16:30
Christan Edlestone,Human Resources Manager,2197,1.7,7:40,22:42,26,2021-08-02 01:15:17
Derk Hiorn,Cost Accountant,9234,1.36,9:01,18:50,24,2021-06-29 07:03:57
Kala Prinn,Professor,3922,1.56,8:46,18:21,26,2020-03-02 05:59:45
Carissa Tythacott,Desktop Support Technician,11183,1.87,9:00,22:15,24,2019-11-20 18:42:17
Rikki Sitford,Senior Sales Associate,8511,1.96,9:46,17:49,26,2023-02-01 02:21:43
Andros Joire,Sales Representative,8916,1.75,10:10,18:43,26,2017-04-23 09:53:38
Pierrette Timbridge,Junior Executive,8255,1.1,7:57,22:36,26,2020-07-18 18:46:12
Alyse Anespie,Mechanical Systems Engineer,12810,1.77,10:06,18:47,25,2023-01-31 23:50:47
Abagael Lumley,VP Sales,9270,1.42,8:57,22:47,25,2021-01-10 10:13:09
Kendra Heiden,Dental Hygienist,3317,1.83,8:07,18:48,25,2019-11-30 22:56:37
Austin Reicherz,Analog Circuit Design manager,10433,1.91,8:30,22:24,25,2018-04-06 04:24:46
Harmonia Bevan,Associate Professor,12145,1.95,9:53,19:57,26,2022-03-22 22:48:14
Hamel Tweed,GIS Technical Architect,4352,1.38,7:39,21:35,24,2017-10-18 08:06:08
Karlik Howsden,Pharmacist,5717,1.32,9:38,17:30,26,2021-07-23 13:22:19
Brinna Ashtonhurst,VP Product Management,8132,1.15,7:46,19:02,27,2018-03-15 12:10:31
Shawna Allsopp,Systems Administrator III,13969,1.29,9:45,21:39,26,2017-03-07 03:26:39
Demetris Coldridge,Marketing Assistant,12452,1.73,7:49,19:50,25,2018-10-09 23:18:11
Andy Capaldo,Pharmacist,2265,1.6,10:01,21:02,24,2019-07-05 05:43:43
Sullivan Campes,Assistant Manager,6600,1.84,9:50,20:39,24,2021-08-14 14:44:25
Abramo Ranaghan,Sales Representative,9827,1.4,8:30,21:28,26,2020-05-21 10:47:27
Albert Soutar,Food Chemist,10288,1.42,9:23,20:37,25,2017-01-12 18:57:26
Nathalia Sauniere,Geologist I,7886,1.93,10:02,19:20,26,2021-03-02 11:53:51
Jerrie Dod,Environmental Tech,5600,1.59,8:26,18:49,27,2018-02-26 09:06:02
Pepillo Toll,Geological Engineer,5351,1.42,9:41,20:50,26,2023-03-07 02:33:37
Carrie Wadly,Geologist II,3537,1.33,9:33,21:23,27,2023-01-22 18:56:07
Ethelin Freire,Marketing Assistant,2593,1.58,9:20,18:50,25,2018-06-12 04:30:56
Kimmi Lawton,Paralegal,10268,1.54,8:33,18:58,27,2021-02-23 19:08:59
Angelle Bennion,Editor,7821,1.08,10:20,18:54,25,2022-02-18 20:34:20
Reinold Prowting,Design Engineer,9955,1.1,9:33,17:53,26,2021-06-05 10:37:22
Edgard Fedoronko,Junior Executive,2597,1.18,7:31,20:10,26,2019-04-06 22:40:41
Kent Christian,Staff Accountant IV,9015,1.5,8:54,18:38,27,2019-11-25 07:00:09
Conan Craddock,Registered Nurse,2392,1.71,7:56,20:09,24,2022-10-27 14:10:04
Kurtis Filewood,Help Desk Technician,2022,1.9,8:03,22:07,26,2018-12-09 08:30:03
Wyndham Clardge,Geological Engineer,11898,1.33,9:15,21:48,25,2021-08-31 18:32:10
Donny Covotto,Systems Administrator I,5858,1.22,9:02,21:28,27,2022-04-06 15:19:15
Marj Chomiszewski,Actuary,10345,1.18,9:51,22:28,25,2019-11-07 06:56:30
Woody Angliss,Electrical Engineer,14127,1.91,7:50,21:10,27,2019-05-07 21:03:33
Amaleta Tolle,Compensation Analyst,7921,1.83,8:49,21:46,24,2022-11-22 03:53:27
Rachele Wikey,Senior Developer,13887,1.05,7:38,20:13,26,2023-01-11 11:44:44
Marybelle Simonot,VP Quality Control,2339,1.98,9:55,20:34,27,2018-01-04 15:41:46
Fair Lott,Teacher,5082,1.56,10:22,19:28,27,2021-12-04 07:07:08
Biddie Elks,Sales Representative,13044,1.17,8:16,20:17,27,2019-07-10 10:23:13
Penelope Lunck,Analog Circuit Design manager,10483,1.64,8:49,19:57,27,2021-08-22 01:28:23
Shaine Stroton,Professor,4486,1.67,9:59,20:26,25,2017-04-24 14:37:39
Barthel Cuchey,VP Product Management,5693,1.56,8:36,20:59,25,2020-03-20 05:02:03
Kevan Rubin,Analyst Programmer,9420,1.66,10:17,22:51,27,2020-05-11 06:05:47
Erhard Stepney,Staff Scientist,5053,1.17,9:40,18:47,26,2019-06-06 17:34:25
Valma Friar,Director of Sales,6541,1.19,8:20,20:01,25,2020-07-13 15:03:38
Arturo Roseblade,Health Coach III,9822,1.75,10:29,18:11,27,2017-10-14 00:41:16
Sherlocke Thurborn,Pharmacist,14158,1.65,8:39,18:59,24,2023-02-08 21:15:39
Rayner Langrish,Recruiting Manager,13652,1.97,9:56,19:55,26,2023-03-13 19:34:40
Faunie Eady,Technical Writer,4380,1.5,8:49,19:00,25,2022-07-16 06:11:17
Esther Carnaman,Associate Professor,11658,1.8,8:33,18:38,27,2019-04-03 11:08:30
Doe Fawdrie,Engineer I,2831,1.59,9:30,22:50,26,2019-11-27 22:27:15
Annalise Bennion,Statistician IV,3544,1.45,9:51,21:15,26,2022-04-20 04:26:14
Hayward Hodgon,Senior Sales Associate,9608,1.45,10:02,17:51,25,2020-06-15 15:32:17
Mandi Treske,Software Test Engineer III,11546,1.59,9:14,20:33,25,2019-11-29 00:43:11
Carmelita Pear,Speech Pathologist,9173,1.97,8:48,19:28,25,2018-03-24 02:59:27
Elijah Thurlbourne,VP Accounting,12503,1.86,7:36,20:28,25,2021-07-09 07:07:10
Carissa Bosquet,Developer II,14098,1.48,9:02,18:36,27,2021-06-23 23:19:58
Claudell Scotchmoor,Tax Accountant,8248,1.07,8:10,18:04,26,2021-04-02 00:09:10
Vallie Widdall,Speech Pathologist,5573,1.34,9:49,22:45,24,2017-06-28 06:59:15
Devonne Schuster,Budget/Accounting Analyst III,5594,1.4,7:55,19:24,24,2023-02-09 16:15:05
Beau Zupa,Clinical Specialist,9843,1.6,8:37,21:13,25,2020-05-13 10:56:58
Gardner Ridsdell,Nurse Practicioner,9718,1.97,10:17,20:28,27,2018-11-19 19:16:36
Lurlene Cutbirth,Tax Accountant,8103,1.24,10:21,21:51,24,2017-05-07 14:44:30
Sayre Cordy,Editor,11579,1.46,8:59,22:18,24,2020-11-26 00:14:23
Elliot Rigden,Senior Cost Accountant,13651,1.91,8:56,21:17,25,2021-09-20 21:42:55
Blinny Berge,Software Test Engineer I,7771,1.06,10:00,17:46,26,2018-09-13 16:04:34
Rabbi Skoof,VP Sales,2978,1.44,8:26,20:40,25,2017-09-24 15:32:15
Roanne Dzenisenka,Legal Assistant,9185,1.67,8:29,22:55,27,2023-02-08 23:42:28
Kaye Klimschak,Financial Analyst,5085,1.22,9:28,18:37,27,2022-06-25 13:21:27
Marcellina Matlock,Sales Representative,3503,1.05,9:42,22:34,26,2020-10-19 10:40:31
Izzy Sponer,Project Manager,8343,1.91,8:26,22:24,27,2021-08-03 13:15:41
Alidia Pharro,Tax Accountant,12295,1.99,8:29,20:50,24,2019-12-03 13:28:15
Jeannine Ollerton,Mechanical Systems Engineer,8085,1.03,8:41,20:54,24,2021-05-17 18:11:57
Burr Floyde,Design Engineer,4416,1.68,7:38,20:27,25,2023-03-08 19:42:03
Deirdre Hulett,Senior Financial Analyst,3349,1.36,7:37,17:37,24,2017-05-22 05:39:17
Elysia Prescote,Research Associate,4411,1.47,9:39,18:03,25,2020-01-22 09:54:27
Hermy Rollings,Quality Control Specialist,7327,1.38,9:10,18:41,26,2022-04-01 10:00:28
Eyde Loakes,GIS Technical Architect,12056,1.64,10:09,21:06,27,2020-07-28 20:58:22
Idelle Gayforth,Human Resources Manager,7416,1.9,8:25,20:54,24,2019-04-05 08:38:21
Nessie Earry,VP Sales,3000,1.12,8:39,21:28,25,2018-10-05 06:05:11
Adelice Eneas,Automation Specialist II,3257,1.15,9:19,17:34,26,2023-01-20 18:21:12
Loretta Avrahamoff,Database Administrator IV,5013,1.28,8:01,22:10,26,2023-04-02 03:52:15
Farra Credland,Senior Sales Associate,6317,1.28,8:59,22:24,24,2022-02-09 12:53:11
Howey Giercke,Database Administrator II,2954,1.59,8:46,18:39,24,2017-02-18 13:16:06
Eddie Kyneton,GIS Technical Architect,4974,1.37,7:56,22:14,27,2023-01-15 17:27:11
Carmita Blackaller,VP Product Management,10007,1.63,9:58,20:57,26,2022-06-24 22:36:51
Laurene Mea,Account Coordinator,5082,1.58,8:02,19:43,24,2021-04-02 09:10:26
Cort Madgwich,VP Sales,3939,1.54,8:07,18:45,24,2020-07-09 19:29:56
Clim Boow,Nurse Practicioner,6998,1.28,8:56,22:29,26,2021-10-23 19:01:10
Martynne Featherby,GIS Technical Architect,11568,1.22,8:11,17:57,25,2017-08-28 22:06:48
Clareta Hetterich,Media Manager II,2246,1.71,8:23,18:38,27,2019-04-10 04:00:06
Kat Jantzen,Registered Nurse,3237,1.68,9:54,18:51,27,2017-08-10 03:09:58
Haydon Heatherington,Dental Hygienist,5320,1.21,8:08,18:44,25,2022-01-02 18:43:08
Kleon Kezor,Administrative Officer,6861,1.96,7:32,18:00,24,2022-07-06 01:53:48
Sydelle Thresher,Dental Hygienist,3176,1.87,10:10,22:58,25,2018-03-26 00:25:18
Joleen Fost,Community Outreach Specialist,2088,1.97,10:21,20:55,25,2020-01-14 11:57:14
Teddy Steddall,Automation Specialist II,4548,1.46,7:39,22:21,26,2021-03-03 19:48:04
Zenia Sporrij,VP Accounting,2842,1.82,9:07,18:06,25,2019-06-23 13:36:15
Conchita Lennon,General Manager,12162,1.96,8:56,20:33,24,2019-10-07 18:18:43
Rochester Glazer,Graphic Designer,2361,1.3,9:58,21:39,25,2019-11-26 19:07:04
Francisco Pattington,Health Coach I,12593,1.41,7:59,18:37,27,2022-05-16 17:50:15
Neilla Dolle,Recruiting Manager,12000,1.3,9:18,20:14,25,2017-10-14 03:16:21
Dorolisa Wayper,Staff Scientist,5858,1.44,9:46,18:34,27,2021-01-14 20:44:33
Kennedy Walsh,Developer IV,2416,1.23,8:06,19:31,24,2022-05-04 04:18:00
Konrad Obern,Software Test Engineer III,8480,1.87,9:43,20:59,27,2020-01-25 10:03:35
Sibylla Brixey,Registered Nurse,7652,1.88,8:05,18:41,27,2019-04-07 10:22:10
Meryl Whalley,Assistant Manager,2703,1.9,8:06,20:17,27,2017-08-30 10:17:34
Terrill Kestell,Web Designer II,8875,1.59,9:55,21:29,24,2019-11-11 23:47:27
Ker Farrier,Recruiter,5063,1.02,7:55,20:13,25,2017-12-26 00:34:08
Aurie Baudichon,Research Associate,14320,1.56,10:29,21:33,26,2017-04-23 17:01:22
Stanislas Etheredge,Media Manager II,9022,1.35,9:14,19:26,27,2021-01-21 14:18:21
Hasty Ramsdale,Senior Developer,12123,1.01,8:00,18:58,25,2022-04-02 12:40:49
Elton Arrowsmith,Biostatistician IV,6469,1.49,10:17,22:00,24,2018-05-03 21:50:35
Xylia Rielly,Nuclear Power Engineer,3715,1.34,8:57,19:24,24,2022-08-13 23:49:44
Janifer Tollady,Administrative Officer,10905,1.4,8:54,21:05,27,2020-01-19 17:40:39
Constantino Averay,Teacher,5953,1.73,9:18,20:31,25,2023-02-28 21:30:24
Lelia Budcock,Media Manager III,10660,1.19,10:07,18:32,27,2017-02-20 22:39:40
Clio Wiburn,Design Engineer,14324,1.86,9:58,20:47,27,2020-01-23 08:35:13
Kassey Maidlow,Safety Technician II,9268,1.55,9:57,18:34,27,2019-07-10 21:41:16
Hilliard Jillitt,Compensation Analyst,9636,1.71,10:04,19:13,27,2022-06-18 20:35:05
Anson Royse,Mechanical Systems Engineer,2102,1.68,9:52,22:15,25,2020-03-24 11:25:14
Meredeth Janku,Senior Editor,12996,1.75,7:41,21:36,25,2018-06-11 03:08:20
Wanids Davidek,Electrical Engineer,6757,1.61,10:16,18:42,24,2017-03-13 11:44:28
Lib Gutans,VP Sales,11385,1.82,10:11,22:21,25,2019-04-23 20:11:06
Briney Mackinder,Marketing Manager,8861,1.26,7:36,19:14,24,2021-12-02 10:59:29
Sonny Navan,Sales Representative,6282,1.73,9:12,20:34,24,2019-11-02 12:11:22
Kyla Skeels,VP Product Management,6614,1.37,10:11,18:01,25,2020-09-23 16:59:03
Julian Reast,Cost Accountant,13412,1.7,8:16,18:30,26,2017-10-22 19:21:18
Ber Gniewosz,Payment Adjustment Coordinator,13756,1.0,9:02,21:46,24,2020-09-20 01:42:15
Farra Rosenhaus,Quality Engineer,4449,1.99,8:13,22:28,26,2017-07-03 22:43:08
Ninetta Gowers,General Manager,8171,1.96,7:48,21:23,25,2021-10-17 16:30:55
Frazier Stirtle,Environmental Tech,12206,1.79,9:38,17:56,27,2018-04-14 00:51:11
Waldemar Karolovsky,Graphic Designer,9201,1.5,9:17,22:32,26,2020-10-10 19:49:08
Raleigh Pattinson,VP Sales,9368,1.62,9:18,20:28,25,2023-03-23 09:41:48
Gun O'Cassidy,Analog Circuit Design manager,12611,1.46,8:40,18:13,26,2022-02-01 10:33:00
Benni Bortolazzi,Registered Nurse,3009,1.59,9:26,21:43,24,2020-06-24 11:55:10
Neddie Dinzey,Geologist I,10270,1.79,10:15,17:37,27,2018-06-26 06:22:40
Anet Higounet,Director of Sales,3805,1.46,10:13,18:56,26,2022-08-17 14:51:46
Koralle Laviste,Research Associate,4352,1.86,9:41,19:51,24,2021-02-05 23:04:53
Aidan Munro,Senior Sales Associate,10377,1.73,9:30,18:22,25,2018-07-19 10:00:09
Sharleen Thompson,Systems Administrator IV,10554,1.35,10:16,20:38,25,2020-08-08 02:49:11
Renaldo Duffer,Help Desk Operator,6610,1.55,7:30,19:04,26,2021-07-15 05:01:05
Kittie Wicklin,Marketing Assistant,10175,1.57,10:00,18:44,25,2021-11-28 16:36:30
Mia McQuillan,Assistant Professor,6965,1.38,8:08,21:48,24,2019-05-31 02:31:15
Sharline Strang,Assistant Professor,12803,1.3,9:51,19:00,26,2020-07-01 06:42:28
Galvin Goning,GIS Technical Architect,8646,1.07,8:18,20:00,24,2017-12-14 03:37:37
Salvidor Stovell,Payment Adjustment Coordinator,3325,1.16,10:02,19:36,24,2021-11-28 10:22:17
Allis Athowe,Marketing Assistant,10461,1.16,9:23,19:55,27,2017-12-20 13:06:00
Fleming Rennles,Research Nurse,7587,1.39,9:07,22:17,26,2019-07-18 09:58:20
Shane Itzhayek,Software Engineer III,3464,1.92,8:12,19:03,25,2020-07-09 17:33:54
Brear Spight,Quality Control Specialist,7420,1.94,10:23,22:15,24,2018-07-20 09:16:07
Gizela Kohneke,Software Test Engineer I,10450,1.97,9:29,19:52,27,2022-11-22 19:36:46
Dallon Raigatt,Pharmacist,12143,1.81,9:17,21:35,27,2019-05-26 12:02:34
Otho Chewter,Physical Therapy Assistant,8708,1.07,8:39,19:16,24,2020-11-09 14:32:00
Bank Foxley,Registered Nurse,6663,1.31,8:53,20:53,26,2022-02-01 20:48:42
Estele Leap,Assistant Professor,10841,1.75,8:12,19:26,25,2021-01-28 04:00:00
Aarika Billyeald,Engineer II,11035,1.41,9:29,18:55,25,2020-11-15 23:02:13
Evvy Gann,Help Desk Technician,3428,1.42,9:20,19:59,27,2020-08-30 15:56:02
Lisle Harrod,Help Desk Technician,7191,1.85,9:28,22:34,24,2019-04-07 09:52:37
Hatty Hume,Community Outreach Specialist,1963,1.06,8:35,18:08,24,2021-06-28 12:55:23
Ingunna Kingsly,Community Outreach Specialist,11049,1.14,8:40,20:21,24,2021-03-25 15:29:22
Tannie Sute,Marketing Manager,5162,1.65,7:34,22:17,26,2017-02-28 15:05:49
Ema Rought,Geologist I,4444,1.24,8:40,18:55,25,2022-09-25 05:04:30
Paloma Cessford,VP Accounting,6719,1.83,9:39,21:55,26,2021-07-22 07:28:18
Theresita Lightwing,VP Sales,9344,1.23,7:52,20:36,26,2019-08-25 11:18:54
Jeramey Mackison,Recruiting Manager,4123,1.08,7:33,22:49,25,2020-03-30 20:58:43
Shara Gehrtz,Chief Design Engineer,8839,1.2,10:00,21:21,24,2018-07-10 17:07:29
Bernardo Lancaster,Chemical Engineer,11450,1.76,7:38,21:36,24,2018-02-18 02:10:53
Jillie Indgs,Engineer II,9895,1.17,10:24,19:56,25,2019-12-13 11:54:45
Trev Jensen,Engineer II,9473,1.34,9:27,20:46,25,2023-02-10 16:42:07
Cyndy Lowes,Legal Assistant,9819,1.53,10:18,18:12,26,2023-04-02 08:35:23
Wilmette McNelly,Geologist IV,9716,1.38,8:54,18:51,24,2020-09-12 09:44:59
Ibby Lusgdin,Dental Hygienist,11429,1.69,9:57,17:49,25,2018-09-18 07:58:27
Gnni Dunbobbin,VP Sales,9002,1.62,9:01,22:59,24,2018-05-31 08:19:46
Sherri Sakins,Research Assistant III,7313,1.36,9:19,19:02,26,2018-11-16 21:28:46
Jodee Back,Financial Advisor,9890,1.99,9:57,19:27,27,2021-06-24 06:46:59
Letti Mixhel,Financial Advisor,7099,1.27,8:00,19:11,27,2018-08-04 03:37:16
Lorry Wehner,Structural Analysis Engineer,3303,1.5,8:28,18:07,24,2017-07-26 16:32:40
Alleyn Farfoot,Legal Assistant,4987,1.51,10:02,18:12,24,2021-06-26 12:26:13
Sadie Fausset,VP Product Management,6744,1.28,8:37,21:42,27,2019-05-02 12:42:31
Marianna Clissett,Paralegal,13296,1.15,9:03,20:24,26,2021-08-28 10:33:20
Hillary Keyse,Developer III,4758,1.35,9:01,21:39,25,2017-09-11 15:54:22
Jessee Sterland,Nuclear Power Engineer,5259,1.0,8:18,21:22,27,2021-06-12 22:43:47
Glen McCleverty,Compensation Analyst,7334,1.31,8:50,21:08,24,2021-12-23 14:48:34
Blane Furber,Pharmacist,11021,1.49,10:07,20:01,26,2022-03-28 23:54:09
Lisha Farnan,Senior Sales Associate,12036,1.49,9:29,18:42,27,2021-09-13 13:58:25
Tull Czapla,Physical Therapy Assistant,4521,1.38,10:27,21:58,25,2020-03-21 06:53:23
Aymer Mugleston,Social Worker,4722,1.35,8:47,19:56,26,2022-07-16 22:17:21
Sonya Semaine,Financial Analyst,8300,1.41,8:30,17:55,25,2018-09-29 10:49:46
Carry Atteridge,Editor,13242,1.55,10:16,22:28,26,2017-03-12 06:31:09
Timmie Stelfax,Accounting Assistant III,2679,1.09,9:05,21:05,27,2023-02-02 19:56:09
Conney Pawels,Food Chemist,13588,1.5,7:59,21:33,26,2022-07-07 22:20:56
Harold Kellard,Product Engineer,14134,1.41,8:21,18:21,26,2018-08-21 19:30:32
Regen Hiner,Automation Specialist III,4225,1.92,8:59,22:58,27,2022-11-07 20:44:47
Grazia Castaner,Financial Analyst,6444,1.33,7:38,22:06,27,2020-02-14 08:14:59
Eduardo Humby,Cost Accountant,13500,1.07,8:35,19:41,25,2019-12-13 02:48:40
Kinna Kindall,Associate Professor,5339,1.65,9:07,19:42,25,2020-03-17 01:10:53
Syman Jorn,Civil Engineer,3198,1.99,8:23,19:16,25,2020-11-01 02:06:45
Gerard Kyston,Computer Systems Analyst II,10346,1.77,9:01,22:12,24,2022-11-08 06:09:52
Terrence Coarser,Editor,14259,1.99,10:19,17:49,26,2021-01-24 05:42:51
Bekki Gerber,Business Systems Development Analyst,6839,1.07,8:42,19:00,25,2022-06-18 22:49:45
Lyda Probert,Desktop Support Technician,8653,1.28,9:23,20:43,26,2018-12-08 18:03:06
Orville Skerman,Budget/Accounting Analyst II,3093,1.56,9:28,22:52,27,2018-06-07 02:17:04
Shirley Lob,Help Desk Technician,1977,1.87,8:44,20:27,25,2019-10-01 20:51:38
Nikolia Aulsford,Paralegal,14208,1.24,7:37,18:11,25,2021-11-06 10:33:34
Minerva Halesworth,Tax Accountant,12497,1.79,10:14,21:38,27,2022-07-07 11:57:22
Gwendolyn Behn,Design Engineer,10226,1.71,9:50,18:43,26,2023-03-15 14:44:18
Murray Hartzog,Chemical Engineer,2170,1.98,9:35,22:18,24,2019-10-01 12:34:24
Jacenta Shewan,VP Product Management,11826,1.74,10:27,22:25,26,2018-09-28 18:32:41
Ambur Brugger,Human Resources Assistant II,8210,1.12,7:37,17:54,27,2019-10-13 04:29:02
Margalit Clericoates,Nurse Practicioner,6686,1.65,10:02,19:14,24,2023-03-31 00:42:56
Derrek Merrin,Automation Specialist III,11517,1.99,9:19,22:41,24,2018-10-19 00:52:20
Sammy Wapol,Assistant Media Planner,4307,1.13,10:09,20:46,24,2021-11-13 04:41:16
Hilde Glave,Software Test Engineer II,13974,1.42,8:36,20:02,26,2021-07-18 21:33:18
Shanda Bavester,Administrative Assistant III,7961,1.15,8:13,17:57,27,2018-07-20 06:49:42
Griswold Pedreschi,Research Assistant II,11461,1.3,8:56,18:33,24,2020-01-13 23:25:21
Emylee Mufford,Quality Control Specialist,8898,1.87,8:42,20:02,25,2018-01-14 21:04:20
Marabel Asty,Payment Adjustment Coordinator,8398,1.63,8:44,20:58,26,2020-04-23 10:45:43
Jarvis Skillman,Food Chemist,12634,1.67,7:49,20:52,27,2022-12-06 06:29:26
Waiter Heis,General Manager,10261,1.77,10:09,22:26,26,2021-05-08 16:51:39
Sondra Coatman,Health Coach I,10466,1.66,10:03,18:39,25,2020-06-05 08:29:11
Gwen Spurrier,Web Developer II,6722,1.74,9:39,18:20,24,2018-07-12 16:48:32
Eduardo Bollans,Environmental Tech,7682,1.73,7:39,19:56,24,2022-10-19 07:43:38
Josefina Thick,Research Nurse,9986,1.47,9:55,17:32,25,2021-01-16 03:32:02
Dacey Masterson,Software Engineer I,3496,1.19,7:44,20:19,25,2020-03-27 13:17:16
Lindi Cohen,Environmental Tech,8622,1.14,7:40,21:31,26,2021-05-08 01:36:34
Morrie Everwin,Cost Accountant,7131,1.93,9:00,20:38,26,2021-01-23 00:01:15
Xever Goodrum,Project Manager,13970,1.92,8:39,19:49,24,2017-02-02 09:57:58
Blake Hauck,Research Assistant I,10077,1.24,10:22,20:15,26,2022-11-13 13:47:33
Dalis Botwood,Office Assistant II,7590,1.93,8:13,19:51,26,2022-03-07 08:42:44
Granny Harder,Environmental Tech,11730,1.11,8:03,22:53,24,2022-02-05 18:33:36
Krisha Buncher,Director of Sales,5034,1.65,8:09,21:11,27,2019-10-25 02:52:34
Sax Murricanes,Project Manager,6604,1.36,8:39,20:32,24,2020-03-28 12:42:40
Myrtia Felmingham,Programmer Analyst II,8918,1.63,9:16,18:10,24,2020-10-27 09:33:08
Verne Faulconbridge,VP Marketing,2167,1.9,7:35,21:55,24,2017-01-01 16:21:48
Johna Wingate,Biostatistician IV,12033,1.23,9:58,20:26,25,2018-03-06 08:28:07
Deb Holburn,Sales Representative,11806,1.35,7:36,18:32,26,2020-07-27 03:12:30
Leshia Cornwall,Registered Nurse,6376,1.86,9:22,20:35,26,2018-04-03 19:02:23
Melli Sangster,Physical Therapy Assistant,6913,1.25,10:03,20:06,26,2021-04-16 21:19:14
Rosene Vasishchev,Data Coordinator,14223,1.23,9:25,18:29,27,2022-06-10 16:28:05
Gabbie Fryers,Information Systems Manager,13793,1.68,10:27,20:38,24,2022-06-16 02:16:17
Nancy Cuschieri,Sales Associate,3406,1.99,10:08,19:04,27,2018-09-29 16:19:21
Shayne Harome,Account Executive,4744,1.01,8:47,19:35,26,2017-08-21 10:13:57
Meagan Pailin,Account Representative I,3272,1.59,8:51,18:40,24,2021-09-19 04:07:12
Nevile Malinson,Senior Cost Accountant,4924,1.24,10:21,20:46,24,2018-07-06 17:16:25
Lucila Picard,Occupational Therapist,5529,1.75,9:44,18:28,25,2020-03-15 12:33:29
Elijah Chisolm,Automation Specialist I,7289,1.97,10:00,20:59,26,2021-09-26 13:44:46
Valeria Zielinski,Dental Hygienist,13308,1.08,7:49,20:37,24,2020-06-30 12:20:31
Hercules Barnet,Account Representative II,9746,1.32,8:59,18:58,27,2018-11-05 13:13:50
Leupold McCambrois,Information Systems Manager,9081,1.69,10:18,18:55,27,2020-08-17 06:28:02
Nicolai Macken,Physical Therapy Assistant,2540,1.95,10:16,18:57,26,2017-09-09 09:19:59
Carie Aveline,Senior Editor,11846,1.72,8:22,17:45,26,2019-07-10 03:26:32
Lucais Tilzey,Programmer IV,8325,1.81,10:24,21:59,27,2018-04-14 04:39:58
Codi Heiner,Editor,14007,1.75,9:45,21:42,27,2022-12-09 14:33:58
Harland Wilstead,Biostatistician IV,14168,1.3,10:29,21:35,27,2019-07-10 03:36:39
Kenyon Evesque,Geological Engineer,7286,1.88,10:04,21:11,24,2017-09-08 02:49:48
Marga Fooks,VP Quality Control,6089,1.21,10:04,19:56,27,2020-10-11 19:13:53
Kettie Grassin,Research Assistant III,13945,1.88,9:33,18:13,25,2022-11-04 01:28:02
Frazer Smeeton,Junior Executive,13362,1.77,8:54,18:13,27,2018-01-24 02:33:38
Rebbecca Verbruggen,VP Sales,8222,1.63,7:32,21:24,24,2019-11-30 13:04:12
Bearnard Adin,Internal Auditor,10173,1.79,7:45,20:07,25,2017-11-05 15:40:08
Myra McClounan,Teacher,8514,1.47,7:43,19:50,25,2022-12-07 19:22:37
Marguerite Garett,Research Associate,8116,1.0,8:21,21:25,24,2017-12-29 12:23:24
Shelbi Baulcombe,Human Resources Assistant III,2732,1.62,8:24,18:23,25,2019-01-29 12:43:59
Debbie Simm,GIS Technical Architect,8218,1.97,9:52,22:05,27,2018-05-22 13:16:24
Abbi Thuillier,Account Representative II,10725,1.8,8:26,17:49,26,2020-03-20 08:09:58
Carter Goodlife,Clinical Specialist,7493,1.19,7:40,19:26,27,2023-02-05 10:22:47
Benedikta Bettleson,Social Worker,6271,1.42,9:27,19:12,24,2018-05-09 12:29:02
Fenelia Brooker,Developer I,4591,1.52,10:05,17:46,26,2019-01-16 00:41:18
Andromache Downgate,Automation Specialist IV,3199,1.49,9:32,21:09,27,2019-06-03 14:54:55
Glennis Whawell,Librarian,9242,1.43,9:59,17:41,27,2017-11-26 20:01:58
Manuel Bineham,Project Manager,2089,1.8,9:18,18:32,24,2022-01-04 13:34:21
Ulrich Marwick,VP Quality Control,6419,1.15,8:45,19:32,24,2020-09-18 03:23:08
Amelina Zoephel,Nuclear Power Engineer,9537,1.24,7:45,18:10,27,2021-05-15 14:23:46
Nicolina MacKellen,Junior Executive,7134,1.88,9:39,21:30,25,2022-06-01 20:59:42
Donni Mephan,Dental Hygienist,5099,1.56,9:19,22:08,25,2020-06-16 14:07:18
Ashly Marcos,Nuclear Power Engineer,9735,1.58,8:02,21:09,24,2022-05-04 05:33:13
Norina Dumbar,Design Engineer,12389,1.42,9:49,18:01,25,2021-09-03 14:14:01
Vicky Comberbeach,Research Assistant I,13868,1.12,8:05,20:39,27,2017-06-18 20:12:40
Deny Hairon,Financial Advisor,4332,1.63,10:18,20:53,24,2017-02-26 06:03:24
Bryn Scahill,Safety Technician IV,4919,1.45,10:14,18:25,26,2018-01-31 00:38:24
Morgan Halbord,Nuclear Power Engineer,7999,1.67,10:07,22:06,25,2017-03-06 23:12:25
Menard Muro,Senior Editor,1967,1.86,9:43,18:04,26,2018-01-08 18:07:31
Lidia Bwy,Research Assistant I,6452,1.56,8:03,19:25,24,2017-06-20 01:04:03
Maggi Kondratenya,Statistician I,12261,1.35,7:37,17:50,25,2020-01-16 10:13:21
Conn Gabitis,Food Chemist,4003,1.24,9:17,17:34,24,2022-12-04 04:26:58
Elly De Benedetti,Editor,9186,1.23,8:57,20:25,26,2017-10-13 19:51:19
Lillis Conyer,Help Desk Technician,3165,1.81,10:14,21:11,26,2017-11-21 18:00:34
Merry Eastbrook,General Manager,3906,1.05,7:46,21:48,24,2020-01-15 01:17:12
Borg Ledbetter,Staff Scientist,4560,1.77,9:07,17:40,27,2018-12-23 11:52:11
Gery Scimoni,Safety Technician IV,2628,1.28,7:31,19:50,24,2017-06-13 23:50:53
Dedie Besnard,Structural Analysis Engineer,11910,1.61,9:56,19:05,26,2017-08-20 12:57:56
Arv Brauns,Web Designer I,3363,1.65,9:27,22:18,27,2018-06-28 20:26:45
Torrence Van Arsdalen,Database Administrator I,9471,1.19,8:43,18:23,27,2022-10-03 03:38:57
Jeana Huckell,Occupational Therapist,10889,1.7,10:00,18:21,24,2021-03-27 10:22:55
Drusi Draisey,Research Nurse,7164,1.61,10:01,20:50,26,2019-05-05 20:31:26
Paton Luetkemeyers,Account Executive,14245,1.82,9:43,22:00,27,2021-11-12 21:49:37
Brantley Tyce,Food Chemist,13684,1.75,8:53,18:27,24,2021-05-10 09:30:44
Marya Merrett,Help Desk Operator,10509,1.29,7:54,20:33,27,2023-04-13 03:14:42
Rene Stolberger,Librarian,13178,1.01,9:05,22:24,25,2017-01-31 19:00:12
Frasco Trott,Structural Engineer,12661,1.66,9:24,17:55,24,2022-12-30 23:20:11
Carri Auten,Information Systems Manager,13085,1.68,10:01,22:58,27,2020-06-10 00:40:03
Avivah Woollam,Operator,10135,1.56,9:32,18:19,25,2020-03-27 06:30:27
Stephenie Wogdon,Civil Engineer,8680,1.71,9:19,17:52,25,2022-09-06 00:40:41
Dorey Forst,Chief Design Engineer,13655,1.21,8:35,22:07,27,2020-07-27 11:30:17
Lionel Rawkesby,Product Engineer,9554,1.09,8:36,19:12,27,2017-09-16 00:23:19
Niall Thorndycraft,Teacher,11121,1.52,10:04,18:52,26,2017-11-29 04:13:05
Emmott Cushe,Engineer II,7745,1.17,8:46,20:56,24,2020-03-15 20:13:45
Bastian Goodburn,Desktop Support Technician,6463,1.99,9:02,18:51,26,2018-11-20 11:53:09
Piotr Dadds,Administrative Assistant I,6793,1.05,9:45,19:17,24,2017-06-17 04:21:02
Taryn FitzGilbert,Payment Adjustment Coordinator,10626,1.04,9:14,19:31,25,2021-10-29 12:17:52
Morie Byas,Physical Therapy Assistant,5274,1.14,9:01,18:03,25,2022-01-24 21:20:31
Misha Theurer,Safety Technician IV,11647,1.68,8:12,21:34,24,2020-01-04 20:25:18
Illa Akett,Safety Technician II,8328,1.96,7:33,21:43,27,2020-02-27 09:19:56
Rorie Groombridge,Social Worker,4427,2.0,7:30,21:12,25,2021-02-24 09:54:01
Chadwick Presslee,Programmer II,7941,1.25,7:39,20:09,25,2022-12-20 21:55:19
Aubine Maciejewski,Physical Therapy Assistant,9879,1.55,8:36,20:10,25,2021-05-18 06:58:58
Ramon Gorton,Internal Auditor,7373,1.71,10:01,22:15,24,2022-05-27 11:24:34
Athene Hundell,Recruiter,5548,1.38,8:36,20:26,24,2021-11-01 06:39:17
Kalli de Grey,Editor,11548,1.44,8:12,20:31,27,2018-01-10 11:35:02
Maximilian Pattullo,Occupational Therapist,13323,1.92,9:09,20:04,25,2017-11-15 13:16:16
Roxane Leadston,Environmental Specialist,7504,1.43,7:43,20:00,27,2022-09-14 21:16:59
Leighton Belcham,Geologist II,12805,1.8,8:18,21:33,27,2023-04-23 03:07:08
Sofia Bohl,Marketing Manager,3193,1.76,8:21,17:42,27,2021-02-22 00:19:27
Sarena Blasio,Automation Specialist III,8501,1.82,9:39,19:45,26,2021-05-01 06:40:24
Brigitta Vickars,Marketing Assistant,8946,1.42,8:12,22:24,24,2018-06-28 22:28:45
Suki Baselio,Assistant Professor,7066,1.2,9:11,20:11,25,2020-10-31 10:48:52
Marianna Sabbins,Software Engineer I,3208,1.5,9:23,19:45,24,2018-11-28 05:12:32
Paolo Alfonsini,Clinical Specialist,5672,1.53,7:50,20:08,24,2017-06-04 19:26:15
Igor Bligh,Senior Cost Accountant,9120,1.78,9:05,20:27,25,2020-03-29 15:55:09
Enoch Lovelady,Human Resources Assistant I,12606,1.52,7:58,17:54,26,2022-04-14 01:22:19
Charlena Imos,Accounting Assistant I,13609,1.44,8:45,18:17,24,2018-07-15 14:57:24
Lorne Klamman,Structural Analysis Engineer,7036,1.11,8:17,21:30,24,2019-01-15 04:56:34
Staci Skegg,Database Administrator I,12250,1.21,9:05,21:24,25,2019-05-12 05:05:01
Brina Hukins,Nurse Practicioner,5556,1.48,10:29,20:02,27,2017-03-14 10:13:18
Carena Irons,Occupational Therapist,9583,1.85,8:39,22:51,25,2017-12-03 14:58:49
Steffi Will,Structural Analysis Engineer,6798,1.95,9:47,21:35,25,2017-08-10 02:19:40
Michel Elcott,Business Systems Development Analyst,10821,1.06,9:47,20:30,27,2020-02-03 14:25:22
Karleen Dripp,Programmer Analyst III,5118,1.48,9:18,19:20,26,2019-11-25 02:05:33
Yank Loudyan,Librarian,13118,1.89,7:51,20:13,24,2020-06-15 16:57:36
Harlin Mehaffey,VP Sales,2796,1.75,8:30,21:56,24,2023-03-16 22:10:03
Aaren Fullerd,Junior Executive,7645,1.19,10:27,21:52,24,2018-11-12 00:16:12
Sharl Wallwood,Staff Accountant III,6794,1.11,8:21,22:34,26,2023-01-30 22:36:39
Etta Dimsdale,Software Test Engineer I,9538,1.91,9:02,18:50,26,2020-03-28 05:44:42
Saundra Ruckledge,Biostatistician III,3682,1.6,8:03,19:12,25,2017-10-13 13:01:38
Ximenes Magowan,Business Systems Development Analyst,13773,1.3,8:55,20:45,27,2017-11-02 06:39:48
Janina Anglim,Occupational Therapist,7710,1.46,8:30,19:16,24,2019-06-14 21:22:26
Skipper Durbin,Recruiter,12586,1.69,8:25,22:01,25,2019-12-03 10:58:10
Laurene Glasgow,Junior Executive,13962,1.84,10:29,22:34,25,2019-04-16 05:03:50
Petrina Van Saltsberg,Staff Scientist,9369,1.22,8:16,21:34,25,2021-09-08 00:30:45
Elihu Barkes,Systems Administrator II,2916,1.42,9:28,17:56,27,2020-09-05 02:39:59
Ronna Myall,Data Coordinator,8378,1.51,8:22,22:15,24,2018-08-12 09:09:31
Emmett Roffe,Associate Professor,4875,1.12,10:15,18:21,26,2017-02-05 15:46:24
Alley Jeffryes,Assistant Manager,11184,1.87,8:45,19:35,27,2020-11-21 21:13:49
Delilah Khidr,Product Engineer,3397,1.32,9:06,22:41,24,2017-03-22 14:43:46
Joseito Townsend,Technical Writer,13758,1.97,9:51,19:19,24,2022-06-02 16:12:08
Prisca Dotterill,Accountant IV,7621,1.77,8:27,18:06,26,2022-01-01 15:49:57
Joachim Keirle,Operator,7913,1.03,10:20,18:06,27,2017-01-04 11:33:57
Drucie Nurcombe,Assistant Media Planner,6103,1.15,8:19,22:24,27,2018-09-15 11:51:23
Noella Reeson,Help Desk Technician,9527,1.64,9:01,20:38,27,2022-07-23 17:39:37
Errol Fidal,Analyst Programmer,7311,1.14,9:39,18:40,26,2020-10-30 19:56:08
Marillin Andriessen,Help Desk Technician,10969,2.0,9:52,22:35,26,2018-05-05 19:45:59
Elvis Marvel,Speech Pathologist,7261,1.22,10:21,18:49,24,2020-08-27 15:59:04
Lynea Cufflin,Junior Executive,2827,1.39,10:26,22:47,26,2021-05-16 00:54:52
Rickert Jailler,Human Resources Manager,2508,1.89,7:52,22:25,24,2017-04-05 03:44:16
Wilek Stafford,Nurse Practicioner,3439,1.86,9:01,19:48,26,2017-02-03 04:51:35
Ase Chantillon,Health Coach IV,3156,1.88,10:00,19:51,27,2019-02-17 07:47:37
Cart Josefowicz,Physical Therapy Assistant,4960,1.7,8:33,22:01,25,2019-04-20 15:51:58
Caron McDavid,Quality Engineer,10786,1.91,9:49,22:41,25,2021-07-10 04:02:58
Thomasina Thoumas,Structural Analysis Engineer,7744,1.49,9:52,17:39,26,2019-04-22 03:17:06
Consuela Lukes,Geological Engineer,6105,1.37,7:41,20:13,25,2017-01-18 18:37:38
Donovan Geraghty,Human Resources Manager,12449,1.1,7:53,22:04,24,2021-02-12 12:42:24
Babs Oaks,Assistant Manager,3216,1.5,8:55,21:22,24,2020-08-25 23:58:37
Audry Ferrao,Research Associate,13055,1.47,9:53,22:22,26,2020-07-25 00:42:27
Jennifer Clarson,Social Worker,13471,1.39,9:12,20:02,24,2017-04-16 00:10:49
Claiborne Vuitton,Web Designer III,13208,1.76,8:05,20:38,26,2019-08-10 08:55:44
Paige Moon,Office Assistant II,3353,1.64,8:05,21:04,27,2017-03-11 11:38:44
Merrill Starsmore,Quality Engineer,11355,1.02,9:12,19:33,24,2021-01-07 18:51:47
Jacquelynn Southam,Software Consultant,12239,1.86,9:34,19:12,26,2022-03-20 01:05:15
Wilek Swinney,Sales Associate,10653,1.08,9:53,20:21,24,2018-09-04 01:31:20
Sarena Couzens,Research Associate,3505,1.98,8:46,20:12,26,2020-08-18 19:13:39
Tallulah Kondratowicz,Software Consultant,3049,1.87,9:01,19:22,24,2021-12-13 21:48:00
Marijo Heugel,Nurse Practicioner,9148,1.2,7:58,18:50,26,2020-05-04 03:57:39
Jsandye Agastina,Financial Advisor,9778,1.59,9:20,22:50,27,2019-04-02 20:37:44
Wenona Cordelle,Programmer I,12395,1.76,7:39,18:56,27,2017-02-20 12:08:32
Jude Carslake,Associate Professor,13925,1.9,8:32,19:22,26,2019-05-09 15:06:46
Averyl O Sullivan,Senior Sales Associate,13345,1.39,7:50,21:15,26,2023-03-17 21:09:30
Esther Holdin,Structural Analysis Engineer,13074,1.7,8:56,18:44,25,2021-06-12 04:39:30
Leanor Bagot,Marketing Assistant,3169,1.39,10:16,18:59,26,2018-02-05 20:38:06
Philippine Rapp,Recruiter,2442,1.09,9:26,20:13,25,2019-01-22 04:14:43
Miguel Pullinger,Cost Accountant,4818,1.04,8:20,18:23,25,2022-05-03 01:01:52
Kesley Redsull,Information Systems Manager,10443,1.74,9:00,18:01,25,2018-08-02 04:44:47
Audrie Brennan,Financial Advisor,13273,1.46,7:35,22:23,25,2020-06-04 11:23:15
Barbabas Lampl,Assistant Manager,3057,1.68,9:48,20:21,25,2019-01-18 16:24:21
Em Matuszynski,Dental Hygienist,3265,1.54,10:29,20:20,26,2021-05-12 04:23:29
Delilah Caraher,Chief Design Engineer,5847,1.09,9:33,19:11,26,2017-05-26 12:42:10
Bogey Laible,Senior Cost Accountant,8602,1.17,7:47,21:34,26,2023-03-29 06:55:56
Terrel Hotchkin,Human Resources Assistant I,5699,1.46,8:49,19:31,26,2018-02-10 02:56:23
Sarge Demongeot,Product Engineer,3473,1.83,8:51,21:37,26,2020-12-28 13:24:54
Maybelle Burghill,Structural Engineer,5772,1.6,7:55,22:37,26,2021-10-24 18:20:21
Renae Castelyn,Internal Auditor,6083,1.79,8:48,21:17,24,2020-11-25 12:36:43
Jordana Halsey,Human Resources Assistant III,3695,1.02,8:22,18:40,25,2018-06-22 09:31:52
Baird Forge,Chief Design Engineer,5185,1.5,9:15,20:33,24,2020-01-22 01:55:12
Ardene Antoshin,Staff Scientist,6891,1.38,8:50,21:41,27,2022-10-22 11:55:28
Eduino Wincom,Research Associate,8420,1.83,10:19,22:36,25,2018-06-09 07:33:26
Valli McMains,Product Engineer,4432,1.08,9:55,22:18,25,2021-11-05 01:02:09
Karilynn Armit,Nurse,9649,1.08,7:41,20:34,25,2017-01-30 15:15:32
Cassandre Ruppel,Assistant Media Planner,2355,1.54,9:24,17:43,24,2017-08-21 15:44:27
Terri Patmore,Senior Quality Engineer,2136,1.06,10:12,20:34,25,2017-11-19 10:55:16
Neala Madill,Senior Financial Analyst,11396,1.03,7:48,19:57,26,2017-09-20 11:20:14
Celestia Gwilliams,Registered Nurse,2655,1.28,10:23,18:04,26,2022-10-16 14:10:08
Cherish Clapp,Internal Auditor,10155,1.9,7:55,21:57,24,2017-06-08 04:16:55
Hinda Bader,Budget/Accounting Analyst IV,8102,1.97,9:33,17:30,25,2018-01-21 22:11:09
Jackelyn Faircliff,Speech Pathologist,7540,1.57,10:02,19:53,25,2017-08-20 14:36:50
Daile Balffye,Community Outreach Specialist,4302,1.61,8:30,18:24,26,2020-03-16 21:38:59
Dinah Jeschner,Accountant IV,10901,1.49,9:35,22:25,27,2020-06-24 16:46:41
Dagny Besantie,VP Quality Control,8705,1.55,9:00,18:12,26,2017-04-05 04:17:19
Sullivan Capon,VP Accounting,2595,1.0,9:34,20:09,26,2018-02-08 14:43:36
Kimmie Ughini,Associate Professor,7327,1.92,9:32,19:30,25,2020-10-27 12:24:47
Jourdan Clorley,VP Sales,13188,1.34,8:22,17:48,24,2022-10-23 17:33:59
Brit Goldsbury,Electrical Engineer,3746,1.21,8:48,20:35,24,2020-03-09 09:02:27
Sherlocke Kilvington,Environmental Specialist,8089,1.79,7:59,22:48,27,2021-02-16 02:44:18
Torry Minichillo,General Manager,13878,1.78,10:00,21:30,27,2022-09-06 14:17:26
Renell Tume,VP Marketing,7235,1.35,10:06,22:27,27,2022-06-04 23:37:20
Gaby Vivien,Social Worker,11520,1.93,10:23,20:26,24,2021-11-23 17:04:31
Willard Brettor,Financial Advisor,4226,1.57,8:16,21:27,26,2022-05-10 22:52:46
Carroll Kryzhov,Environmental Specialist,12165,1.95,9:56,19:16,25,2019-12-12 09:49:04
Tracey Gurry,Health Coach II,5373,1.23,9:25,21:22,26,2021-07-04 12:43:26
Orelle Plaister,Senior Developer,8762,1.55,9:59,20:18,26,2023-02-13 02:27:25
Nance Wondraschek,Internal Auditor,2527,1.83,8:47,21:56,24,2018-01-21 14:50:48
Hillie Wilcocks,Software Test Engineer I,10070,1.13,9:08,21:03,27,2020-07-18 03:29:50
Anallese Pinard,Software Test Engineer I,3729,1.16,10:21,20:03,24,2021-12-25 05:43:10
Elinore Rothwell,Administrative Officer,13917,1.07,9:30,18:11,26,2021-07-01 16:40:20
Lucina Sedgemond,Administrative Officer,4297,1.32,7:56,21:18,24,2017-07-22 00:11:00
Merle Ropcke,Administrative Officer,10403,1.61,8:32,19:47,24,2018-09-13 22:13:34
Jammie Matthiesen,Senior Editor,12108,1.44,9:51,21:49,27,2020-05-02 21:41:19
Packston Cardillo,Desktop Support Technician,12089,1.72,8:36,20:10,26,2020-03-17 18:53:39
Kayla McCurtin,Geological Engineer,13365,1.42,10:24,19:14,26,2017-10-16 15:48:59
Dennet Bulter,Account Executive,10995,1.4,9:17,21:07,24,2022-02-03 13:04:36
Erminia Warrilow,Chief Design Engineer,5493,1.33,8:54,20:36,26,2018-05-30 02:12:13
Bethena Cuerda,Technical Writer,11698,1.39,7:48,20:06,25,2021-11-12 07:46:48
Cassey Onraet,Accountant II,8266,1.92,9:42,22:09,26,2021-06-14 08:05:54
Vergil Rostern,Marketing Assistant,7527,1.07,7:58,22:58,25,2023-02-22 03:44:23
Rick Ormrod,Media Manager I,9401,1.95,9:22,18:54,25,2019-04-18 00:01:38
Kalil Keling,Media Manager IV,11582,1.44,10:16,18:20,26,2020-05-08 18:47:21
Debera Dockwra,Accounting Assistant I,11365,1.7,9:13,19:46,25,2017-12-12 08:09:57
Billy Ambresin,Cost Accountant,9630,1.9,8:19,18:47,25,2017-10-04 15:58:46
Cord Sibylla,VP Sales,10639,1.85,9:42,19:51,24,2018-07-09 22:46:29
Allen Woolerton,Structural Engineer,6580,1.12,8:42,19:58,26,2022-11-29 23:30:35
Arda Wipper,Administrative Officer,9618,1.45,9:08,20:04,25,2019-02-25 08:32:47
Fleming Audibert,VP Sales,10722,1.61,9:26,20:58,24,2020-11-14 06:37:28
Noel Pithcock,Automation Specialist II,7842,1.18,8:16,22:43,27,2021-09-21 23:37:56
Horatia Hunn,Actuary,8297,1.92,10:07,22:46,24,2018-05-17 15:07:19
Codi McKeating,VP Marketing,11909,1.2,8:26,18:43,24,2019-10-21 17:49:53
Ernie Asplin,Geological Engineer,4239,1.77,8:49,22:07,25,2022-03-13 12:49:11
Cassie Bazek,Software Consultant,10328,1.87,9:58,21:15,25,2017-10-12 09:45:40
Oneida Jirka,Developer II,6163,1.61,8:54,19:08,25,2019-11-16 11:02:45
Andriette Posselow,Account Coordinator,3338,1.87,9:24,18:21,24,2022-08-19 23:23:09
Daryl Calladine,Senior Financial Analyst,5573,1.13,9:14,21:46,25,2017-10-13 12:17:58
Emelita Langlands,Chief Design Engineer,6490,1.54,7:44,20:08,25,2021-11-03 05:22:37
Thornie MacDearmont,Developer III,4959,1.46,9:41,22:38,26,2020-11-21 18:51:42
Feodora Iannello,Civil Engineer,12000,1.7,8:05,21:28,25,2020-12-15 14:24:50
Alexa Bohin,Senior Financial Analyst,4910,1.17,7:52,19:03,25,2021-03-28 16:51:40
Clarabelle Gethins,Administrative Assistant I,11557,1.68,7:33,22:45,25,2020-02-09 05:36:19
Gerhardt Bigrigg,VP Accounting,2495,1.34,8:59,17:41,26,2020-12-05 19:51:41
Carleton Van Zon,Compensation Analyst,7774,1.07,10:29,22:31,27,2018-02-12 15:42:06
Lurleen Klaaasen,Sales Associate,10203,1.02,10:06,22:48,24,2019-04-09 12:26:34
Gram Nisot,Teacher,9620,1.85,8:27,17:35,25,2017-06-05 07:47:30
Kirsteni Atley,Programmer Analyst IV,8033,1.99,7:47,17:52,24,2019-10-27 14:07:59
Shannen Trenholme,Community Outreach Specialist,12787,1.76,8:20,21:51,26,2020-05-02 11:00:28
Drucy Windsor,Help Desk Technician,4585,1.86,7:47,22:24,26,2019-11-16 08:22:17
Lutero Soro,Operator,3843,1.62,8:13,17:38,25,2018-01-02 06:03:21
Rog Martyn,Senior Editor,9794,1.48,10:04,21:36,27,2020-07-08 20:24:54
Cammie O'Keevan,Account Representative IV,10369,1.63,9:05,17:55,27,2022-04-04 04:05:49
Korrie Showler,Computer Systems Analyst III,12804,1.29,8:18,22:05,25,2019-10-02 06:09:57
Tom Yonnie,Physical Therapy Assistant,2418,1.42,8:58,22:01,25,2021-02-02 06:06:00
Eden Obray,VP Marketing,4737,1.94,10:26,20:50,24,2018-11-09 18:04:29
Kayne Guidelli,Assistant Professor,6307,1.5,10:01,22:31,24,2017-10-19 03:54:03
Mac Cockerell,Media Manager IV,13415,1.04,10:25,20:30,25,2020-04-22 15:54:49
Zoe Addeycott,Director of Sales,11703,1.14,10:07,22:04,24,2022-12-16 12:08:49
Evvy Leary,Computer Systems Analyst I,8868,1.9,8:23,19:21,26,2019-12-14 10:50:04
Timothee Ferroli,Computer Systems Analyst I,8568,1.71,8:21,20:15,24,2020-06-28 12:17:33
Lannie O'Tierney,Staff Accountant I,6557,1.77,9:05,22:14,26,2021-04-25 15:05:46
Lowell Maddick,Quality Control Specialist,6125,1.0,8:46,22:46,25,2017-11-27 06:11:06
Jordan Pellamonuten,Junior Executive,4596,1.85,9:28,20:17,24,2020-01-23 07:00:40
Tommi Caisley,Senior Developer,11229,1.95,7:36,18:29,24,2019-03-25 18:31:23
Brietta Thomtson,Staff Scientist,10755,1.88,10:12,20:46,26,2021-04-18 07:58:03
Gaylene Shillabear,Desktop Support Technician,3813,1.11,9:55,18:49,24,2023-01-26 01:58:40
Rey Davidesco,Quality Engineer,7058,1.56,7:57,21:57,26,2022-11-26 08:55:38
Karlis Meyrick,Office Assistant III,11819,1.93,9:12,22:48,24,2019-01-10 06:11:10
Twyla Gonet,Legal Assistant,8171,1.72,9:26,18:34,24,2020-07-24 14:44:12
Wileen Cariss,Software Engineer I,4597,1.18,9:18,22:29,27,2022-10-26 07:45:47
Lucien Parrott,Nurse Practicioner,11418,1.43,7:36,19:39,27,2019-07-04 02:56:48
Myrtle Podmore,Assistant Professor,2316,1.99,8:08,20:57,27,2019-01-24 07:43:39
Peri Escofier,Tax Accountant,5479,1.13,9:30,18:23,25,2018-09-13 20:04:18
Quint Alenikov,Mechanical Systems Engineer,10487,1.42,8:24,19:02,25,2022-08-14 20:50:18
Milissent McCooke,Senior Editor,2234,1.12,9:31,21:44,26,2020-11-13 21:24:33
Sandi Gladdin,Technical Writer,7489,1.12,10:08,21:47,25,2021-02-20 06:45:14
Dion Simms,Paralegal,9179,1.22,8:39,22:34,25,2022-12-05 08:24:30
Grover Johanchon,Compensation Analyst,6816,1.52,9:51,20:41,25,2023-02-13 18:07:11
Corey Devita,Senior Cost Accountant,6833,1.55,9:02,21:11,26,2022-05-03 06:33:24
Leda Eyre,Engineer IV,10116,1.84,9:11,21:17,26,2020-10-13 08:06:22
Sampson Hammon,Mechanical Systems Engineer,12125,1.96,8:38,18:01,25,2021-04-17 17:29:18
Maximilien Ellgood,Computer Systems Analyst III,7467,1.43,10:20,20:52,27,2022-01-22 13:50:38
Nikita Sprull,Software Engineer III,7773,1.07,10:03,21:22,26,2019-03-28 03:40:19
Lanita Pesek,VP Marketing,6784,1.99,8:02,19:03,27,2021-09-30 12:53:26
Javier Falks,Business Systems Development Analyst,5123,1.83,8:31,21:39,25,2018-05-30 14:13:11
Licha Eyckelbeck,Office Assistant III,5985,1.31,8:18,21:29,26,2020-03-19 09:02:39
Cecil Burgin,Social Worker,3762,1.78,9:41,20:43,26,2019-10-16 20:50:38
Annissa Bragger,Statistician III,12538,1.32,9:46,18:25,24,2019-03-29 13:35:56
Dore Hallowes,Pharmacist,11441,1.52,9:12,21:28,25,2019-11-14 09:59:48
Andeee Symons,Web Developer III,5714,1.15,9:21,22:59,27,2018-08-27 07:56:57
Maxine Godrich,Senior Sales Associate,12496,1.66,10:02,22:21,24,2018-10-27 01:51:53
Gisela Bogart,Senior Financial Analyst,8150,1.72,7:57,21:22,27,2022-05-15 06:51:16
Gabriel Osbiston,VP Quality Control,11764,1.66,8:07,21:04,25,2018-01-26 23:57:14
Clary Marioneau,Accountant I,13874,1.83,9:15,18:19,27,2021-05-15 09:35:22
Idaline Fearne,Senior Quality Engineer,4263,1.69,8:18,21:46,27,2017-09-18 07:18:15
Adrian Purseglove,Social Worker,2702,1.89,7:30,18:34,27,2022-05-18 01:02:10
Nerita Buss,Human Resources Manager,2620,1.31,9:51,21:15,27,2017-08-12 03:18:11
Kessia Cromarty,VP Sales,12896,1.86,8:57,22:21,24,2022-09-27 18:47:47
Bettine McMenamie,Web Designer IV,8541,1.61,7:49,19:01,27,2019-03-11 05:33:59
Lucas Avesque,Graphic Designer,13877,1.2,8:00,21:46,24,2021-06-09 12:44:01
Allene Riseam,Quality Engineer,14115,1.99,10:08,18:50,24,2020-03-08 20:24:16
Rodina Ellings,Financial Advisor,11121,1.47,10:23,22:34,24,2021-02-17 17:33:33
Benji Nezey,Information Systems Manager,8424,1.76,10:26,17:33,25,2021-05-19 15:57:28
Jerrold Heeks,Senior Sales Associate,10287,1.27,8:34,22:40,27,2021-05-27 05:21:48
Frazer Brouard,Senior Financial Analyst,6371,1.56,10:00,19:06,25,2018-09-28 16:00:50
Marcellina Corringham,Software Test Engineer IV,13836,1.96,9:13,21:59,25,2017-01-24 06:19:23
Meg Rohmer,Statistician II,8723,1.4,9:54,21:38,26,2022-08-31 04:05:21
Romeo Markovic,Assistant Professor,12857,1.85,8:53,18:12,26,2020-11-26 06:28:08
Lisette Widdall,Web Designer IV,8451,1.56,8:39,19:42,24,2021-01-21 04:29:12
Saleem Dugmore,Environmental Tech,7092,1.32,10:24,18:40,27,2019-05-18 15:30:27
Imojean Furlonge,Physical Therapy Assistant,7075,1.81,8:06,22:13,25,2022-01-22 11:46:07
Thelma Wheaton,Health Coach II,2652,1.39,10:24,20:26,24,2019-09-20 07:23:28
Ingamar Fant,Systems Administrator IV,11688,1.86,10:22,21:19,26,2019-02-18 00:13:06
Storm Hanalan,Civil Engineer,8542,1.16,9:54,17:55,26,2020-02-20 05:29:03
Jacquelyn Chace,Health Coach II,9889,1.44,7:59,20:33,24,2018-11-13 01:33:21
Philip Haughian,Graphic Designer,3538,1.45,9:14,22:06,24,2020-08-04 08:14:23
Saw Bernlin,Senior Developer,3768,1.97,7:48,19:01,25,2023-01-26 15:07:38
Jessy Maneylaws,Account Representative III,10564,1.91,8:00,21:36,25,2021-05-24 09:40:28
Isaak Camamill,Administrative Officer,10709,1.38,9:19,19:32,26,2018-01-02 21:15:36
Price Porkiss,VP Marketing,9992,1.42,7:55,20:23,27,2022-05-09 04:06:38
Carlita Pawnsford,Product Engineer,3435,1.52,8:01,21:30,27,2018-12-18 23:28:33
Alasteir Syson,Software Test Engineer III,13468,1.72,10:11,21:44,25,2019-11-05 10:59:37
Petronia Ovington,Social Worker,12140,1.56,8:38,18:15,25,2022-01-23 19:34:37
Guillermo Hurworth,VP Quality Control,7988,1.27,9:51,20:36,25,2020-10-18 09:08:29
Viv Beckham,Senior Quality Engineer,6865,1.52,8:04,22:26,24,2017-02-15 18:37:32
Saunderson Warfield,Research Assistant IV,6857,1.85,9:05,20:56,24,2020-11-08 21:12:10
Bevin Vasilyevski,Quality Engineer,10417,1.42,8:25,18:09,24,2021-03-02 01:56:00
Jewel Pierse,Desktop Support Technician,9301,1.69,8:10,17:48,25,2017-03-24 19:32:20
Rees McTear,Desktop Support Technician,9520,1.09,9:20,18:52,27,2022-09-30 04:14:39
Ash Clements,Director of Sales,12040,1.18,9:45,21:11,26,2019-02-20 12:50:32
Richart Hotchkin,Operator,12523,1.47,8:31,18:35,26,2021-11-16 08:06:25
Fae Knotton,Teacher,2477,1.47,8:45,20:40,27,2022-05-10 15:55:46
Jayne Roscamp,Programmer Analyst I,9704,1.46,10:13,22:04,26,2020-02-02 13:44:07
Faulkner Hanshaw,Office Assistant IV,6446,1.16,7:37,22:14,27,2022-09-07 01:37:02
Oneida Shyram,Assistant Media Planner,3155,1.51,7:43,20:08,25,2023-03-22 03:58:55
Gert Rollett,GIS Technical Architect,3494,1.88,8:15,18:19,26,2022-02-01 13:56:40
Perry Lebarree,Budget/Accounting Analyst IV,9861,1.44,9:46,18:34,26,2018-05-29 07:41:52
Lonnie Weller,Chemical Engineer,6979,1.44,8:14,18:00,25,2018-01-20 14:40:19
Kimble Bradie,Environmental Tech,12813,1.93,9:50,22:13,27,2022-05-27 05:29:27
Drucill Dunsmuir,Physical Therapy Assistant,3298,1.21,9:05,22:35,26,2017-07-02 11:22:39
Nancie Gleaves,Chief Design Engineer,9868,1.31,7:49,19:12,26,2017-09-26 16:46:11
Anallise Bilbie,Budget/Accounting Analyst III,7110,1.76,9:27,20:02,24,2020-10-31 01:00:53
Tedman Glidden,Nuclear Power Engineer,13369,1.28,7:47,19:06,25,2022-04-28 17:43:12
Lincoln Warburton,Marketing Manager,11693,1.34,9:18,18:57,27,2019-12-19 23:17:23
Ardath Winman,Assistant Media Planner,5925,1.37,8:58,22:13,25,2021-05-24 04:10:48
Ronnica Waldock,Compensation Analyst,14043,1.74,9:10,21:46,24,2022-02-03 11:54:13
Cindi Solley,Research Associate,8776,1.52,10:22,18:31,25,2021-12-02 03:17:38
Callida Faircley,Product Engineer,10475,1.5,9:56,18:56,25,2019-03-11 05:05:29
Pall Canty,Staff Accountant I,13570,1.42,9:21,20:48,25,2020-08-25 10:59:46
Bren Giottoi,VP Quality Control,9627,1.87,9:19,20:34,25,2021-03-16 10:18:29
Avril Pegden,Help Desk Technician,12538,1.58,10:10,18:46,27,2019-04-02 17:25:13
Yorgos Bartram,Assistant Manager,7836,1.96,9:52,19:20,26,2019-06-04 03:05:17
Noell Izakof,Computer Systems Analyst II,11384,1.36,7:37,19:59,24,2021-11-15 14:06:54
Torrin McCarver,Product Engineer,9757,1.16,7:57,17:36,25,2020-01-10 03:30:38
Jed Cornewall,Automation Specialist II,10799,1.43,9:13,21:49,24,2021-07-23 04:16:38
Bil Dinning,VP Sales,9670,1.64,9:48,21:51,26,2021-09-02 08:51:16
Lilla Cutts,Statistician II,14236,1.82,8:47,22:04,26,2018-01-11 21:11:17
Hastings Lowbridge,Research Assistant II,13398,1.31,8:09,18:25,26,2018-03-01 06:33:43
Celestine Lubbock,Geological Engineer,3191,1.05,8:06,20:39,26,2022-08-01 15:51:20
Charmain Garroch,Paralegal,7832,1.38,7:34,19:18,25,2017-06-03 06:25:12
Jeremias Mastrantone,Legal Assistant,2805,1.35,8:08,17:33,24,2019-09-05 02:06:32
Jordanna MattiCCI,Accounting Assistant II,13686,1.41,9:29,18:09,26,2017-09-21 14:56:37
Mortie Estrella,Programmer I,5971,1.62,9:11,17:32,26,2023-04-19 10:09:14
Blanch Treadaway,Sales Associate,12824,1.94,9:08,20:27,27,2019-09-09 08:48:26
Leilah Trussler,Librarian,8339,1.2,7:54,17:39,26,2018-07-06 08:38:40
Mickie Clifford,Quality Engineer,14091,1.69,7:34,22:08,24,2018-09-07 19:39:20
Lezlie Whiteway,Office Assistant IV,6145,1.94,9:36,22:06,27,2022-07-30 08:51:40
Kass Gayler,VP Product Management,2662,1.28,8:48,22:50,26,2022-11-18 07:16:06
Constantina Cuniam,Web Designer IV,10051,1.22,10:00,18:24,24,2019-10-07 21:25:11
Celisse Chorlton,Paralegal,7032,1.46,10:18,22:30,26,2018-08-09 17:06:54
Elfrida Carbett,Administrative Assistant II,4519,1.12,7:58,21:07,25,2017-06-25 23:39:14
Siobhan Rittmeyer,Administrative Officer,5263,1.58,10:23,21:49,27,2020-11-21 19:47:39
Norene Culvey,Research Assistant IV,7443,1.43,7:50,20:42,27,2021-07-16 12:22:11
Jedediah Petrina,Staff Scientist,12541,1.7,9:50,18:37,27,2020-10-21 04:28:18
Fowler Atcherley,Geologist I,4674,1.76,9:54,20:41,27,2022-07-26 13:51:03
Eadie McBeith,Legal Assistant,11706,1.45,9:49,18:34,25,2018-11-01 01:11:21
Lynnell Bearcroft,Assistant Manager,9130,1.67,10:19,20:43,27,2020-07-12 11:54:50
Helenka Stagg,Accounting Assistant IV,6719,1.97,9:06,19:10,25,2020-11-26 23:54:01
Sela Jovic,Legal Assistant,9665,1.0,9:42,19:11,26,2017-10-26 06:35:33
Roz Sherreard,Nurse,8961,1.4,7:52,22:03,26,2021-10-09 12:16:46
Eric Rattry,Account Executive,7313,1.5,9:31,22:00,27,2019-02-04 20:01:35
Patric Bloxsom,Senior Quality Engineer,3822,1.76,9:56,20:56,27,2020-09-25 18:40:05
Kenyon Rishman,Assistant Manager,2463,2.0,7:53,18:29,25,2018-10-12 12:19:26
Ailee Exer,Chief Design Engineer,8053,1.68,9:50,18:57,26,2018-01-16 09:51:18
Dniren Colliss,Business Systems Development Analyst,10430,1.61,8:19,18:23,26,2019-04-17 22:26:13
Doloritas Kevlin,Programmer Analyst IV,10317,1.02,8:23,19:13,26,2020-06-29 09:49:35
Cullin Rickett,Research Assistant IV,12243,1.46,9:21,21:01,26,2022-02-20 09:49:13
Andeee Kentwell,Dental Hygienist,12301,1.07,7:35,17:53,24,2023-01-12 05:51:22
Darla Vanner,Data Coordinator,7094,1.61,8:55,18:04,27,2022-08-06 17:06:00
Ruben Cosson,VP Marketing,13545,1.83,7:45,19:20,26,2020-01-18 03:55:07
Shannah Handasyde,Physical Therapy Assistant,8451,1.54,10:01,19:29,27,2017-09-02 14:18:28
Petunia Druce,Financial Analyst,11522,1.63,8:24,18:44,24,2017-02-25 17:16:03
Eunice Sullens,Professor,12370,1.08,7:41,19:39,25,2019-06-22 14:18:51
Ailee Rosewarne,Biostatistician II,3690,1.81,9:05,22:05,24,2020-07-08 09:20:58
Brody Gye,Account Representative III,11861,1.62,8:16,17:53,26,2023-01-30 00:01:39
Emelina Dobie,Chemical Engineer,7653,1.67,7:37,21:38,25,2022-11-09 20:56:15
Libby Cejka,Sales Representative,11397,1.61,8:54,19:19,27,2019-02-08 13:28:54
Elva Catonne,Quality Engineer,11862,1.98,9:45,21:44,25,2022-03-14 17:07:28
Marthe Vasilik,Account Representative I,12297,1.52,10:13,19:24,25,2022-01-03 17:20:13
Sim Weben,Safety Technician II,10324,1.9,8:32,18:17,24,2022-11-13 20:36:03
Allsun Verty,Tax Accountant,12684,1.48,9:03,18:22,25,2019-10-10 07:07:21
Clo Benjamin,VP Marketing,7954,1.66,10:11,22:17,24,2017-09-24 04:22:21
Reynolds Mowle,Dental Hygienist,6579,1.11,8:31,20:05,27,2021-01-09 22:46:47
Artemus Riolfi,Help Desk Operator,12428,1.56,8:07,22:34,25,2022-12-03 05:29:31
Farra Foxley,GIS Technical Architect,10011,1.53,8:18,21:46,26,2020-07-17 03:03:48
Winn Linley,Design Engineer,13413,1.13,9:39,17:41,27,2019-11-16 03:44:38
De witt Awcock,VP Product Management,13592,1.82,8:08,21:55,27,2019-06-25 22:35:23
Lancelot Anderton,Nurse Practicioner,3677,1.61,9:08,19:07,26,2018-08-03 17:30:39
Brigida Elvidge,Marketing Manager,13098,1.93,7:42,22:14,27,2018-09-03 22:55:39
Floria Hulk,Graphic Designer,4795,1.97,7:50,21:04,26,2022-06-08 13:04:16
Misti Gallimore,Assistant Media Planner,5229,1.42,10:29,17:35,26,2018-03-06 13:08:59
Willa Winterton,Junior Executive,4802,1.88,7:36,21:00,24,2018-05-12 08:11:31
Roosevelt Quarles,Human Resources Manager,8528,1.56,8:28,19:45,25,2017-10-26 20:21:38
Frankie Formie,Legal Assistant,5176,1.35,8:57,21:10,25,2020-10-17 01:06:08
Roxi Accum,Financial Analyst,6815,1.46,8:27,20:16,25,2022-01-19 22:27:06
Jarrod Keggins,Paralegal,6123,1.35,8:18,18:43,24,2018-11-04 06:24:14
Kordula Foxon,Analog Circuit Design manager,6907,1.66,8:47,21:14,24,2017-09-10 03:54:13
Cordelia Norsister,Marketing Manager,13476,1.35,9:19,21:14,27,2020-04-25 20:06:01
Missy Timmins,Research Nurse,5431,2.0,8:38,18:43,24,2020-09-18 03:26:48
Odelinda Pegram,Civil Engineer,12003,1.99,9:01,22:38,26,2018-10-03 02:53:38
Sabine Cohr,Nuclear Power Engineer,12983,1.71,8:23,18:42,26,2021-07-30 12:16:50
Jennee D'Andrea,Developer III,6361,1.12,7:44,22:21,26,2022-10-08 12:56:44
Barret Gabbetis,Administrative Assistant II,3653,1.05,9:02,22:55,25,2019-09-27 21:24:13
Jeanne Duchenne,Nurse Practicioner,9322,1.37,8:04,17:43,26,2023-01-01 11:48:55
Luce Dever,Staff Scientist,2092,1.25,9:01,22:37,26,2022-11-07 05:06:07
Chen McLennan,Nuclear Power Engineer,11958,1.04,10:19,18:16,24,2018-09-06 14:43:56
Imogene Satteford,Media Manager I,5033,1.54,8:15,22:00,24,2023-03-04 16:19:10
Sadie De Lorenzo,Environmental Tech,3529,1.12,8:04,20:58,25,2019-08-31 06:47:36
Leonard Bramhall,Business Systems Development Analyst,9269,1.48,8:56,22:50,24,2018-04-16 21:23:06
Domenico Eldershaw,Environmental Specialist,2616,1.23,8:46,17:55,24,2017-12-29 11:36:24
Wash Monketon,Professor,8013,1.88,9:37,21:09,26,2018-08-07 06:56:23
Artie Bier,Junior Executive,10226,1.68,10:28,19:14,26,2018-06-08 20:15:29
Henrik Sambeck,VP Sales,11867,1.4,7:38,20:58,25,2023-03-27 16:56:03
Bay Peregrine,Community Outreach Specialist,10282,1.19,7:42,22:40,24,2022-08-24 07:40:31
Con Danelut,Financial Analyst,4008,1.16,9:00,18:20,25,2017-04-12 13:46:35
Ashil Rossbrook,Staff Scientist,6927,1.48,10:28,18:22,27,2018-10-28 13:27:52
Gawen Weatherill,Senior Financial Analyst,7751,1.74,8:35,19:11,26,2017-12-06 06:50:00
Nedda Piet,Teacher,8235,1.69,8:13,18:15,24,2021-03-13 08:23:23
Tanya McCole,Analog Circuit Design manager,9944,1.07,9:28,21:51,27,2022-11-11 16:21:07
Pattie Breens,Research Associate,3846,1.81,9:00,20:14,24,2019-04-29 10:35:22
Gladi Rider,Electrical Engineer,6874,1.49,7:45,22:51,27,2020-12-20 09:20:21
Darryl Polglaze,Social Worker,7494,1.16,10:24,20:58,25,2020-08-02 13:44:40
Zollie MacGilrewy,Structural Engineer,11998,1.21,7:32,22:42,26,2018-03-14 23:58:58
Ashlen Rutledge,Director of Sales,11019,1.04,8:50,20:29,26,2020-02-10 04:56:26
Livia Lamputt,Administrative Officer,8583,1.34,9:34,21:52,27,2019-02-12 09:12:24
Rowena Howler,Media Manager III,5187,1.38,8:28,20:24,25,2019-08-22 09:19:17
Cherilyn Featherbie,Nurse Practicioner,2715,1.2,7:46,21:55,24,2019-10-29 23:24:19
Vachel Dulieu,Chemical Engineer,10403,1.15,10:03,17:48,27,2020-10-06 01:00:09
Belvia Albin,Computer Systems Analyst IV,8825,1.95,7:44,17:31,27,2019-02-07 21:17:39
Simeon Polden,Administrative Officer,2015,1.93,9:04,19:49,24,2020-06-01 12:49:35
Lynn Widmoor,Engineer III,12302,1.58,8:36,21:27,25,2022-04-15 19:39:26
Kittie Ridgley,Marketing Assistant,3844,1.67,9:21,18:42,25,2022-10-29 10:22:09
Marcela McKune,Programmer Analyst I,3124,1.05,10:13,19:11,24,2021-04-20 12:55:43
Mattie Catterell,Systems Administrator I,2470,1.02,8:19,17:30,24,2018-09-12 19:10:07
Killie Cove,Payment Adjustment Coordinator,10606,1.5,9:43,22:47,27,2020-03-20 22:17:01
Tiphany McChruiter,Database Administrator IV,11875,1.48,7:36,21:56,24,2017-09-23 20:38:59
Dannie Maevela,Tax Accountant,9700,1.35,10:29,17:36,25,2018-08-05 20:18:18
Crissie Whistance,Graphic Designer,12228,1.58,7:41,21:43,25,2021-09-06 12:28:17
Sapphire Cliffe,Structural Analysis Engineer,3067,1.49,9:03,20:16,25,2020-03-09 04:56:08
Celia Powrie,Account Coordinator,12662,1.37,7:55,17:52,26,2018-02-24 12:58:34
Andie Walhedd,Assistant Professor,14064,1.66,10:15,19:39,25,2018-07-23 05:04:12
Bernie Ohrtmann,Recruiting Manager,9970,1.61,9:41,20:02,26,2017-05-29 12:07:58
Wynn Oddie,Business Systems Development Analyst,4159,1.53,8:26,21:30,27,2022-03-19 09:33:11
Glennie Haston,Human Resources Assistant III,5418,1.3,8:53,22:31,24,2017-11-19 05:25:27
Ellary Hendrickson,VP Marketing,7012,1.66,9:40,19:40,24,2023-03-01 06:57:15
Judie Kuhndel,Nuclear Power Engineer,6137,1.01,9:32,18:08,27,2019-01-30 18:24:49
Karlis Peron,Accounting Assistant IV,11503,1.69,9:22,19:31,26,2020-08-20 05:54:45
Cort Bulbeck,Safety Technician I,6269,1.6,7:30,21:51,26,2017-07-14 13:17:42
Miner Hoogendorp,Paralegal,12351,1.41,10:25,17:56,26,2021-11-10 14:03:01
Teressa Coppock.,Payment Adjustment Coordinator,6310,1.3,9:25,22:23,27,2019-05-21 08:00:10
Tybi McCallam,Health Coach IV,4083,1.41,8:50,22:04,26,2019-05-11 05:04:30
Joycelin O'Crowley,Senior Editor,11231,1.14,10:09,22:20,26,2017-02-09 02:14:54
Irvin Bossel,Senior Sales Associate,9707,1.48,9:49,22:23,26,2018-02-11 05:33:16
Iggy Sinkin,Compensation Analyst,7602,1.98,9:48,20:58,26,2020-08-24 13:52:17
Zora Mulran,Civil Engineer,2226,1.61,10:15,21:23,24,2022-05-04 09:55:53
Henrik MacCulloch,Legal Assistant,11249,1.72,8:48,21:45,24,2022-12-02 04:23:19
Fiann Orrah,Data Coordinator,12012,1.79,10:01,21:10,24,2020-11-20 12:51:36
Cherida Schaumann,Director of Sales,14327,1.93,7:36,20:15,26,2019-06-10 08:58:32
Cosette Caston,Staff Accountant I,6154,1.47,10:02,17:56,24,2021-01-08 05:11:58
Alexei Franke,Electrical Engineer,6860,1.39,9:41,19:58,27,2018-02-18 02:26:46
Eleonore Drews,Internal Auditor,2941,1.35,7:59,17:42,25,2017-03-26 01:16:51
Kennith Keenlyside,Speech Pathologist,10332,1.17,9:21,17:51,25,2020-04-25 17:57:05
Ryley Caramuscia,Nurse Practicioner,3873,1.22,8:46,20:19,26,2019-12-26 07:08:21
Kendre Greaves,Staff Accountant II,13924,1.68,7:34,19:57,27,2017-06-25 15:30:29
Nona Tongs,Technical Writer,11000,1.89,10:01,17:50,26,2018-05-04 15:45:37
Caye Espinay,Pharmacist,8564,1.02,8:53,17:59,24,2019-04-19 09:25:17
Vinnie Duesbury,Financial Advisor,12504,1.26,7:50,17:57,25,2021-11-19 09:57:57
Gavin Donat,Librarian,3387,1.72,7:54,22:36,24,2022-12-05 19:03:29
Stefanie Tesauro,Professor,1999,1.89,9:36,17:32,27,2018-12-22 01:12:31
Guthry Conlon,Safety Technician IV,4667,1.13,8:35,18:24,26,2018-05-26 13:37:22
Sorcha Gallyon,GIS Technical Architect,2487,1.28,9:30,19:51,27,2022-08-10 12:36:42
Doralia Dammarell,Engineer III,13915,1.52,8:28,22:31,27,2017-07-23 16:47:17
Kipp Mattioli,Senior Editor,8203,1.66,8:11,19:24,25,2020-04-01 19:16:09
Zollie Henzer,Product Engineer,2624,1.15,8:20,21:32,27,2019-08-14 11:56:08
Madeline Freschi,Quality Engineer,4245,1.94,7:59,21:25,27,2020-07-27 07:31:12
Katya Samet,Community Outreach Specialist,6507,1.25,8:17,22:26,25,2022-11-25 02:56:20
Mahala Twelves,VP Accounting,7495,1.72,9:30,19:38,26,2022-12-25 13:42:06
Niels Domerc,Tax Accountant,7575,1.62,8:51,21:55,24,2017-08-25 20:53:14
Vaclav Woodyer,Clinical Specialist,2118,1.31,8:50,19:54,24,2017-11-07 07:00:20
Rori Gianelli,Quality Control Specialist,3396,1.98,9:52,21:28,24,2020-11-19 23:40:11
Svend Ickovicz,Staff Scientist,5009,1.48,10:20,20:39,25,2019-09-02 09:26:02
Thelma Veivers,Computer Systems Analyst I,8586,1.38,8:30,19:23,24,2020-02-16 14:08:49
Bryna Spadelli,Financial Advisor,13911,1.0,9:58,20:46,27,2019-04-08 02:16:59
Homer Boobyer,Tax Accountant,4758,1.04,9:17,17:40,26,2022-07-14 11:35:50
Camala Brandacci,Biostatistician IV,5243,1.9,7:30,22:31,25,2017-09-29 22:38:43
Blanche Mearns,Web Developer III,4325,1.05,9:16,20:25,27,2019-08-16 19:46:54
Carlyle West-Frimley,Environmental Tech,9308,1.2,8:32,19:25,26,2019-07-03 07:01:20
Purcell Hritzko,Sales Representative,10956,1.5,7:34,17:49,26,2018-03-08 20:52:53
Ariela Millam,Food Chemist,4600,1.3,9:06,19:57,27,2018-01-29 10:05:33
Hershel Iglesiaz,Staff Scientist,9848,1.37,9:27,18:53,25,2020-11-04 17:43:33
Akim Lippett,Legal Assistant,11160,1.17,8:17,19:33,24,2023-04-14 07:51:03
Corena Hallam,Database Administrator II,8460,1.81,8:29,18:06,25,2021-03-12 22:57:44
Terence Dahlback,Librarian,11488,1.44,8:22,20:54,26,2018-05-26 14:58:53
Timofei Clemenzo,Administrative Officer,10873,1.25,8:13,22:05,27,2020-04-06 07:23:23
Dorey Adacot,Financial Advisor,6255,1.12,8:29,22:55,26,2019-01-09 01:44:14
Quentin MacRonald,Environmental Tech,7806,1.82,9:40,21:44,27,2020-02-22 14:29:20
Georgeta Seamarke,Senior Sales Associate,10805,1.26,10:17,18:26,24,2022-06-05 18:58:08
Earl Loughan,Human Resources Assistant I,6369,1.43,7:45,19:07,27,2022-10-05 22:11:16
Cammie Pinnocke,Database Administrator IV,8449,1.78,7:52,20:27,25,2023-01-07 03:55:01
Bruce Thurby,Engineer I,13478,1.48,9:36,20:13,27,2021-12-31 15:36:30
Gayla Silley,Analog Circuit Design manager,13154,1.21,8:19,19:38,26,2022-02-12 20:49:17
Aguistin Sawer,Registered Nurse,11442,1.19,7:38,20:16,25,2019-07-01 14:18:36
Emlyn Dray,Financial Analyst,4808,1.13,9:29,20:27,26,2022-08-21 15:30:38
Lanette Kitcherside,Automation Specialist II,3750,1.34,9:54,17:33,25,2020-01-31 21:03:50
Andy Crawcour,Environmental Tech,2731,1.3,9:13,18:47,26,2020-07-25 18:37:11
Stormy Groneway,Web Designer I,4198,1.82,9:36,17:40,27,2021-11-18 13:29:16
Lucias Djurisic,Civil Engineer,2153,1.6,8:42,18:48,26,2022-01-06 14:23:56
Camey Aiskovitch,Research Associate,4809,1.37,8:19,21:24,27,2020-04-04 12:56:38
Griffith Dooley,Developer II,8952,1.58,10:27,19:58,25,2020-04-16 14:30:53
Charlot Norvel,Registered Nurse,10472,1.29,7:57,18:04,24,2019-01-26 07:12:53
Debby Doberer,Dental Hygienist,12321,1.58,9:15,21:52,24,2021-08-09 20:44:45
Kristoforo Miche,Account Coordinator,9031,1.68,8:41,18:35,26,2019-11-29 21:28:11
Nona Lopes,Automation Specialist IV,7929,1.97,8:54,22:15,27,2017-06-21 02:51:49
Willetta Rojas,Operator,10267,1.2,10:03,21:45,26,2017-03-19 05:08:57
Sheffield Petranek,Programmer II,4290,1.24,8:12,20:31,27,2017-04-13 12:03:29
Saree Willishire,Software Consultant,7081,1.96,9:16,22:25,26,2019-09-27 23:01:45
Moe Von Der Empten,Health Coach I,7193,1.64,10:20,20:30,27,2017-11-27 00:37:50
Ervin Lohan,Senior Editor,2525,1.1,8:35,20:08,24,2022-11-05 10:30:09
Ema Hyrons,Senior Financial Analyst,8411,1.45,9:40,18:58,26,2021-03-27 09:52:14
Kienan Denty,Occupational Therapist,10899,1.81,9:46,20:34,25,2019-11-25 22:38:05
Roxane Gommowe,Project Manager,7582,1.85,8:27,19:59,24,2018-05-08 15:07:13
Valaree Bess,Editor,9616,1.64,8:56,22:02,24,2020-06-13 14:14:51
Myrwyn Petru,Paralegal,8397,1.96,10:24,19:46,26,2019-01-16 19:42:30
Katherine Keysel,Product Engineer,9249,1.69,7:58,21:06,24,2018-12-26 09:29:13
Alejandro McKag,Account Executive,6266,1.06,9:23,21:01,26,2022-11-21 06:04:00
Rudiger Tongue,Editor,11118,1.34,7:53,22:49,26,2017-05-24 09:49:08
Ty Keigher,Computer Systems Analyst IV,10472,1.32,8:26,17:39,24,2022-11-13 11:08:32
Porty Krelle,VP Product Management,3122,1.07,9:57,20:41,25,2017-04-22 07:15:42
Spencer Severns,Systems Administrator II,5960,1.89,7:32,21:15,26,2018-09-27 07:33:59
Dory Faulds,Accountant IV,2812,1.81,8:08,21:53,27,2022-01-25 04:01:00
Percival Castelot,Registered Nurse,3209,1.35,9:45,21:53,24,2022-08-06 17:40:15
Ferguson Creber,Nurse Practicioner,12818,1.94,9:20,21:31,27,2018-05-13 06:40:28
Dorry Mair,Programmer Analyst II,3849,1.25,9:58,22:41,24,2022-04-25 10:10:40
Cordey Whipple,Geologist III,6394,1.58,10:08,20:22,26,2019-05-30 07:55:54
Adamo Cromblehome,Environmental Specialist,12580,1.49,8:04,19:20,25,2017-11-28 22:39:24
Wolfie Vernau,Human Resources Assistant II,10873,1.31,7:35,18:54,26,2020-02-02 02:18:30
Kleon Paice,Media Manager I,6699,1.38,8:43,22:50,27,2019-08-31 04:49:18
Kit Rann,Pharmacist,7841,1.19,8:09,17:38,27,2020-07-18 05:45:22
Massimiliano Mudd,Sales Representative,8306,1.4,7:58,18:45,27,2018-08-31 02:19:32
Nikolaos Plaistowe,Pharmacist,7023,1.67,10:29,22:28,25,2017-07-13 15:52:47
